Serial Number,Course Name,Course Code,Course Acronym,Prerequisites,Preferable Prerequisites,Antirequisites,Semester,Professor,Credits,Link,cluster,,,,,,,,,,,,,,,
1,Abstract Algebra I,MTH212,AA-I,None,"""MTH100""","""MTH302""",Winter,Anuradha Sharma,4,https://www.google.com/,11,,,,,,,,,,,,,,,
2,Abstract Algebra II,MTH513,AA-II,"""MTH100, MTH212""",None,None,Winter,Anuradha Sharma,4,https://www.google.com/,11,,,,,,,,,,,,,,,
3,Advanced Algorithms,CSE320/CSE520,AA,"""CSE102""",None,None,Monsoon,,4,https://www.google.com/,3,,,,,,,,,,,,,,,
4,Advanced Biometrics,CSE441/CSE541,BIOM,None,"""MTH201, CSE343""",None,Winter,Mayank Vatsa,4,https://www.google.com/,3,,,,,,,,,,,,,,,
5,Advanced Computer Vision,CSE562,ACV,"""CSE344""",None,None,Monsoon,,4,https://www.google.com/,3,,,,,,,,,,,,,,,
6,Advanced Embedded Logic Design,ECE573,AELD,"""CSE234""",None,None,Winter,Sumit Mediratta(V) ,4,https://www.google.com/,5,,,,,,,,,,,,,,,
7,Advanced Internet of Things,CSE577,AIOT,None,None,None,Winter,Juhi Ranjan,4,https://www.google.com/,3,,,,,,,,,,,,,,,
8,Advanced Linear Algebra,MTH510,ALA,"""MTH100""",None,None,Monsoon,,4,https://www.google.com/,11,,,,,,,,,,,,,,,
9,Advanced Machine Learning,CSE642,AML,"""MTH201, CSE343, CSE342""",None,None,Monsoon,Richa Singh,4,https://www.google.com/,3,,,,,,,,,,,,,,,
10,Advanced Operating Systems,CSE631,AOS,None,None,None,Winter,Piyus Kedia,4,https://www.google.com/,3,,,,,,,,,,,,,,,
12,Advanced Programming,CSE201,AP,"""CSE101, CSE102""",None,None,Monsoon,Vivek Kumar,4,https://www.google.com/,3,,,,,,,,,,,,,,,
13,Advanced Signal Processing,ECE453/ECE553,ASP,None,None,None,,,,https://www.google.com/,5,,,,,,,,,,,,,,,
14,Advanced Topics in Mobile Computing,CSE734,ATMC,"""CSE231""",None,None,,,4,https://www.google.com/,3,,,,,,,,,,,,,,,
15,Affective Computing,CSE5AC,AFC,"""CSE101, CSE102, CSE201""","""CSE343,CSE643""",None,Monsoon,Jainendra Shukla,4,https://www.google.com/,3,,,,,,,,,,,,,,,
16,Algebra,MTH302,ALG,None,None,"""MTH212""",Monsoon,,4,https://www.google.com/,11,,,,,,,,,,,,,,,
17,Algebraic Number Theory,MTH512,ANT,None,None,None,Monsoon,,4,https://www.google.com/,11,,,,,,,,,,,,,,,
18,Algorithm Design and Analysis,CSE222,ADA,"""CSE102""",None,None,Winter,Rajiv Raman,4,https://www.google.com/,3,,,,,,,,,,,,,,,
19,Algorithms in computational biology,BIO522,ACB,None,None,None,Monsoon,,4,https://www.google.com/,1,,,,,,,,,,,,,,,
20,Analog CMOS Circuit Design,ECE315/ECE515,CMOS,Circuit or Network Analysis,Electronic Device,None,Monsoon,G S Visweswaran(V),4,https://www.google.com/,5,,,,,,,,,,,,,,,
21,Animation and Graphics,DES302,A&G,None,None,None,Winter,Manohar Khushlani(V) ,4,https://www.google.com/,4,,,,,,,,,,,,,,,
22,Antennas Theory and Design,ECE431/ECE631,ATD,Undergraduate Engineering Electromagnetics and Microwave Theory,None,None,*not found*,Shobha Sundar Ram,4,https://www.google.com/,5,,,,,,,,,,,,,,,
23,Applied Cryptography,CSE546,AC,"""CSE121""",None,None,Monsoon,,4,https://www.google.com/,3,,,,,,,,,,,,,,,
24,Applied Ethics,SSH321,AE,None,None,None,Winter,Manohar Kumar,4,https://www.google.com/,14,,,,,,,,,,,,,,,
25,Approximation Algorithms,CSE529,AAG,"""CSE222""",None,None,Winter,Syamantak Das,*not found*,https://www.google.com/,3,,,,,,,,,,,,,,,
26,Artificial Intelligence,CSE643,AI,"""CSE102""",None,None,Monsoon,Mayank Vatsa,4,https://www.google.com/,3,,,,,,,,,,,,,,,
27,Autonomous Driving,ECE570,AD,None,None,None,Winter,,2,https://www.google.com/,5,,,,,,,,,,,,,,,
28,Basic Electronics,ECE113,BE,None,None,None,Winter,"Vivek Bohara,Sanat Biswas ",4,https://www.google.com/,5,,,,,,,,,,,,,,,
29,Big Data Analytics,CSE510,BDA,"""CSE202""","""CSE343/CSE543,CSE506""",None,Winter,Vikram Goyal,2,https://www.google.com/,3,,,,,,,,,,,,,,,
30,Big Data Mining in Healthcare,BIO543,BDMH,None,None,None,Winter,GPS Raghava,4,https://www.google.com/,1,,,,,,,,,,,,,,,
31,Cell Biology and Bio chemistry,BIO501,CBB,None,None,None,Monsoon,Sriram K,4,https://www.google.com/,1,,,,,,,,,,,,,,,
32,Chemoinformatics,BIO523,ChemInfo,None,None,None,Winter,,4,https://www.google.com/,1,,,,,,,,,,,,,,,
33,Circuit Theory and Device,ECE215,CTD,None,None,None,Monsoon,Shobha Sundar Ram,4,https://www.google.com/,5,,,,,,,,,,,,,,,
34,Cognitive Psychology,PSY301,CP,None,None,"""PSY301(CPSY)""",Winter,Venkata Ratandeep Suri,4,https://www.google.com/,12,,,,,,,,,,,,,,,
35,Collaborative Filtering,CSE640,CF,"""MTH100""","""MTH100""",None,Monsoon,,4,https://www.google.com/,3,,,,,,,,,,,,,,,
36,Combinatorics and its Applications,MTH311,CIA,"""MTH100 ""","""MTH302""",None,Winter,Samrith Ram,4,https://www.google.com/,11,,,,,,,,,,,,,,,
37,Communication Networks,CSE636/ECE636,CN,"""MTH201""","""ECE501""",None,Winter,Sanjit Kaul,4,https://www.google.com/,3,,,,,,,,,,,,,,,
38,Communication Skills,COM101,COM,None,None,None,Monsoon,*varies from group to group*,4,https://www.google.com/,2,,,,,,,,,,,,,,,
39,Commutative Algebra,MTH511,ComA,None,None,None,,,,https://www.google.com/,11,,,,,,,,,,,,,,,
40,Compilers,CSE301/CSE601,CMP,"""MTH100, CSE101, CSE201, CSE102""",None,None,Monsoon,Piyus Kedia,4,https://www.google.com/,3,,,,,,,,,,,,,,,
41,Complex Analysis,MTH341,CmpA,"""MTH240""",None,None,Monsoon,Ashish Kumar Pandey,4,https://www.google.com/,11,,,,,,,,,,,,,,,
42,Complexity Theory,CSE421/CSE621,CT,None,None,None,Monsoon,,4,https://www.google.com/,3,,,,,,,,,,,,,,,
43,Compressive Sensing,ECE554,CS,"""MTH100""",None,None,Monsoon,,4,https://www.google.com/,5,,,,,,,,,,,,,,,
44,Computer Architecture,CSE511/ECE511,CA,None,None,None,Monsoon,Sujay Deb,4,https://www.google.com/,3,,,,,,,,,,,,,,,
45,Computer Architecture and Operating Systems,CSE234,CAOS,Programming,None,None,Monsoon/Winter,Sambuddho Chakravarty,4,https://www.google.com/,3,,,,,,,,,,,,,,,
46,Computer Graphics,CSE333/CSE533,CG,"""CSE101""","""CSE102""",None,Monsoon,Ojaswa Sharma,4,https://www.google.com/,3,,,,,,,,,,,,,,,
47,Computer Networks,CSE232,CN,"""CSE101, CSE231, CSE222""",None,None,Monsoon,*Will be announced later*,4,https://www.google.com/,3,,,,,,,,,,,,,,,
48,Computer Organization,CSE112,CO,"""CSE111""",None,None,Monsoon,Naveen Prakash(V),4,https://www.google.com/,3,,,,,,,,,,,,,,,
49,Computer Vision,CSE344/CSE544/ ECE344/ECE544,CV,"""MTH100""","""CSE540,ECE351""",None,Winters,Saket Anand,4,https://www.google.com/,3,,,,,,,,,,,,,,,
50,Contemporary India Sociological Perspective,SOC202,CISP,None,None,None,Monsoon,Paro Mishra,4,https://www.google.com/,13,,,,,,,,,,,,,,,
51,Control Theory,ECE570,CNT,None,None,None,Monsoon,Sanat Biswas,4,https://www.google.com/,5,,,,,,,,,,,,,,,
52,Convex Optimization,CSE528/ECE528,CO,"""CSE344/CSE544""",None,,Monsoon,,2,https://www.google.com/,3,,,,,,,,,,,,,,,
53,Critical Thinking,SSH124,CT,None,None,"""SSH101""",Winter,Raj Ayyar,4,https://www.google.com/,14,,,,,,,,,,,,,,,
54,Critical Thinking and Readings in Social Science ,SSH101,CTRSS,None,None,None,Winters,Aaasim Khan,4,https://www.google.com/,14,,,,,,,,,,,,,,,
55,Data Mining,CSE506,DMG,"""CSE202, CSE101, MTH100, MTH201""",Programming in Java,None,Monsoon,Vikram Goyal,4,https://www.google.com/,3,,,,,,,,,,,,,,,
56,Data Science,CSE558,DS,"""CSE101""","""MTH100""",None,Monsoon,Debarka Sengupta,4,https://www.google.com/,3,,,,,,,,,,,,,,,
57,Data Sciences and Genomics,BIO541,DSG,None,None,None,Winters,Vibhor Kumar,4,https://www.google.com/,1,,,,,,,,,,,,,,,
58,Data Structures & Algorithms,CSE102,DSA,CSE101,None,None,Winters,"Rahul Purandare, Arun Balaji",4,https://www.google.com/,3,,,,,,,,,,,,,,,
59,Data Warehouse,CSE606,DW,"""CSE202""",None,None,Winters,Naveen Prakash(G),4,https://www.google.com/,3,,,,,,,,,,,,,,,
60,Database System Implementation,CSE507,DBSI,"""CSE202, CSE102""",None,None,*not found*,Viswanath Gunturi,4,https://www.google.com/,3,,,,,,,,,,,,,,,
61,Decision Theory,ECO503,DT,None,None,None,Monsoon,Rakesh Chathurvedi,4,https://www.google.com/,6,,,,,,,,,,,,,,,
62,Deep Learning,CSE641,DL,None,"""CSE343""",None,Winter,,4,https://www.google.com/,3,,,,,,,,,,,,,,,
63,Design Drawing & Visualization,DES101,DDV,None,None,None,Winter,,4,https://www.google.com/,4,,,,,,,,,,,,,,,
64,Design of Interactive Systems,DES519,DIS,None,"""DES304,DES130 """,None,Monsoon,Rajiv Ratn Shah,4,https://www.google.com/,4,,,,,,,,,,,,,,,
65,Design Processes and Perspectives,DES201,DPP,"""DES101/DES202""",None,None,Monsoon,Indrani De Parker + Vibha Narula Gupta,4,https://www.google.com/,4,,,,,,,,,,,,,,,
66,Designing Human Centered Systems,CSE501,DHCS,None,None,None,Monsoon,Ponnurangam Kumaraguru,4,https://www.google.com/,3,,,,,,,,,,,,,,,
67,Digital Audio,DES514,DA,None,None,None,Monsoon,Aman Samuel,4,https://www.google.com/,4,,,,,,,,,,,,,,,
68,Digital Circuits,ECE111,DC,None,"""ECE113""",None,Monsoon,Sneh Saurabh + G S Visweswaran,4,https://www.google.com/,5,,,,,,,,,,,,,,,
69,Digital Communication Systems,ECE340,DCS,"""ECE240""","""ECE240""",None,Monsoon,Gourab Ghatak,4,https://www.google.com/,5,,,,,,,,,,,,,,,
70,Digital Hardware Design (DHD),ECE510,DHD,"""ECE270""",None,None,Monsoon,Sumit Darak,4,https://www.google.com/,5,,,,,,,,,,,,,,,
71,Digital Image Processing,ECE350,DIP,"""MTH100, MTH201""","""ECE250""",None,Monsoon,A V Subramanyam,4,https://www.google.com/,5,,,,,,,,,,,,,,,
72,Digital Signal Processing,ECE351,DSP,"""ECE250""",None,None,Monsoon,A.V.Subramanyam,4,https://www.google.com/,5,,,,,,,,,,,,,,,
73,Digital VLSI Design,ECE514,DVD,None,None,None,Monsoon,Anuj Grover,4,https://www.google.com/,5,,,,,,,,,,,,,,,
74,Discrete Mathematics,CSE121,DM,None,None,None,Monsoon,Samrith Ram,4,https://www.google.com/,3,,,,,,,,,,,,,,,
75,Discrete Structures,MTH210,DS,None,None,None,Monsoon,Rajiv Raman,4,https://www.google.com/,11,,,,,,,,,,,,,,,
76,Distributed Systems Security,CSE530,DSS,None,None,None,,,,https://www.google.com/,3,,,,,,,,,,,,,,,
77,"Ecology, Evolution, and Environment",ESC207A,EEE,None,None,"""ESC205""",Monsoon,Swapna Purandare,2,https://www.google.com/,9,,,,,,,,,,,,,,,
78,Econometrics I,ECO321,ECO,"""MTH201""",None,"""ECO302""",Monsoon,Gaurav Arora,4,https://www.google.com/,6,,,,,,,,,,,,,,,
79,Effective Supply chain for E commerce,MGT310,SCM,None,None,None,Monsoon,Sanjiva Dubey,4,https://www.google.com/,10,,,,,,,,,,,,,,,
80,Embedded Logic Design,ECE270,ELD,None,None,None,Monsoon,Sumit Darak,4,https://www.google.com/,5,,,,,,,,,,,,,,,
81,"Emerging Issues in IT Management   (Governance, security, privacy, ethics and sustainability)",MGT311,EITM,None,None,None,Winter,,4,https://www.google.com/,10,,,,,,,,,,,,,,,
82,Environmental Sciences,ESC205,EVS,None,None,ESC207A,Monsoon,,2,https://www.google.com/,9,,,,,,,,,,,,,,,
83,Fields and Waves,ECE230,F&W,"""MTH100""",None,None,Winter,,4,https://www.google.com/,5,,,,,,,,,,,,,,,
84,Film Making and Radio Podcasting,DES303,FMRP,None,None,None,Monsoon,Manohar Khushlani,4,https://www.google.com/,4,,,,,,,,,,,,,,,
85,Fundamentals of Database Management System,CSE202,DBMS,"""CSE102""",None,None,Winter,,4,https://www.google.com/,3,,,,,,,,,,,,,,,
86,Foundations of Biology,BIO101,FOB,None,None,None,Winter,,4,https://www.google.com/,1,,,,,,,,,,,,,,,
87,Foundations of Computer Security,CSE345,FCS,None,"""CSE232""",None,Monsoon,Arun Balaji,4,https://www.google.com/,3,,,,,,,,,,,,,,,
88,Foundations of Finance,ECO331,FF,None,None,"""FIN401""",Monsoon,Pankaj Vajpayee,4,https://www.google.com/,6,,,,,,,,,,,,,,,
89,Foundations of Modern Biology,BIO512,FOMB,None,None,BIO601,Monsoon,Vibhor Kumar,4,https://www.google.com/,1,,,,,,,,,,,,,,,
90,Foundations of Parallel Programming,CSE502,FPP,"""CSE101, CSE102, CSE201""",None,None,Winter,,4,https://www.google.com/,3,,,,,,,,,,,,,,,
91,Fundamentals of Database Management System,CSE202,DBMS,"""CSE102""",None,None,Winter,,4,https://www.google.com/,3,,,,,,,,,,,,,,,
92,Game Development & Design,DES512,GDD,None,None,None,Winter,,4,https://www.google.com/,4,,,,,,,,,,,,,,,
93,Game Theory,ECO311,GMT,None,None,"""ECO304""",Monsoon,Rakesh Chathurvedi,4,https://www.google.com/,6,,,,,,,,,,,,,,,
94,Genetics and Molecular Biology,BIO2GMB,GMB,None,None,None,Monsoon,Vibhor Kumar,4,https://www.google.com/,1,,,,,,,,,,,,,,,
95,Geometry Processing,CSE5GP,GP,"""CSE101""","""CSE102""",None,,,,https://www.google.com/,3,,,,,,,,,,,,,,,
96,GPU Computing,CSE560,GPU,"""CSE101""","""CSE102""",None,Winter,,4,https://www.google.com/,3,,,,,,,,,,,,,,,
97,Graduate Algorithms,CSE525,GA,"""CSE222""",None,None,,,,https://www.google.com/,3,,,,,,,,,,,,,,,
98,Graph Theory,MTH310,GT,None,"""MTH100,CSE121""",None,Winter,,4,https://www.google.com/,11,,,,,,,,,,,,,,,
115,Human Computer Interaction ,DES204,HCI,None,None,None,Winter,,4,https://www.google.com/,4,,,,,,,,,,,,,,,
99,Indian Poetry Through the Ages,SSH217,IPA,None,None,None,Winter,,2,https://www.google.com/,14,,,,,,,,,,,,,,,
100,Industrial Organization,ECO312,IO,"""ECO101 or ECO311""",None,None,Winter,,4,https://www.google.com/,6,,,,,,,,,,,,,,,
101,Information Retrieval,CSE508,IR,"""CSE102,CSE201,CSE202""",ECE5ML,None,Winter,,4,https://www.google.com/,3,,,,,,,,,,,,,,,
102,Information Systems in Public Health,DES515,ISPR,None,None,None,,,,https://www.google.com/,4,,,,,,,,,,,,,,,
103,Integral Transforms and their Applications,MTH571,ITA,"""MTH204""","""MTH341""",None,Winter,,4,https://www.google.com/,11,,,,,,,,,,,,,,,
104,Integrated Electronics,ECE214,IE,"""ECE111,ECE113,DES130""",None,None,Winter,,4,https://www.google.com/,5,,,,,,,,,,,,,,,
105,Intelligent Applications Implementation on Heterogeneous Platforms,ECE519,IAI,None,None,None,Monsoon,Sumit Mediratta (V),4,https://www.google.com/,5,,,,,,,,,,,,,,,
106,Intelligent Systems 1,CSE440,IS-I,None,None,None,,,,https://www.google.com/,3,,,,,,,,,,,,,,,
108,Introduction to 3D Animation,DES516s,I3D,None,None,DES302,Monsoon,,2,https://www.google.com/,4,,,,,,,,,,,,,,,
109,Introduction to Computational Neuroscience,BIO534,ICN,None,"Calculus, linear algebra and ODE/PDE and coding in MATLAB",None,,,,https://www.google.com/,1,,,,,,,,,,,,,,,
110,Introduction to Dynamical Systems,MTH343/MTH543,IDS,"""MTH100, MTH203, MTH240""","""MTH204,MTH340,MTH510""",None,Winter,,4,https://www.google.com/,11,,,,,,,,,,,,,,,
111,Introduction to Economic Analysis,ECO301,IEA,"Matrix Algebra, Calculus",None,None,,,4,https://www.google.com/,6,,,,,,,,,,,,,,,
112,Introduction to Engineering Design,DES130,IED,"""CSE101,ECE111,CSE131""",None,None,Winter,,4,https://www.google.com/,4,,,,,,,,,,,,,,,
113,Introduction to Epidemiology,DES517,IEP,"""MTH201""",None,None,Winter,,4,https://www.google.com/,4,,,,,,,,,,,,,,,
107,Introduction to Functional Analysis,MTH598,IFA,"""MTH100 for UG""","""MTH203""",None,Winter,,,https://www.google.com/,11,,,,,,,,,,,,,,,
114,Introduction to Graduate algorithms,CSE525,GA,"""CSE222""",None,None,Monsoon,Debajyoti Bera,4,https://www.google.com/,3,,,,,,,,,,,,,,,
116,Introduction to Indian Mythology,SSH216,IIM,None,None,"""HSS219""",Monsoon,Saumya Kulshreshtha(G),2,https://www.google.com/,14,,,,,,,,,,,,,,,
117,Introduction to Mathematical Biology,BIO303/BIO503,IMB,MTH101,"Molecular biology and biochemistry, cell biology",None,Winter,,4,https://www.google.com/,1,,,,,,,,,,,,,,,
118,Introduction to Mathematical Logic,MTH200,IML,None,"""CSE121/MTH210""",None,Winter,,4,https://www.google.com/,11,,,,,,,,,,,,,,,
119,Introduction to Media Computing,CSE571,IMC,None ,None,None,,,4,https://www.google.com/,3,,,,,,,,,,,,,,,
120,Introduction to Motion Graphics,DES518,IMG,None,None,None,Winter/Summer,Anoop Ratn,4,https://www.google.com/,4,,,,,,,,,,,,,,,
121,Introduction to Nanoelectronics,ECE517,INE,None,None,None,Winter,,4,https://www.google.com/,5,,,,,,,,,,,,,,,
122,Introduction to Natural Language Processing (NLP),CSE556,NLP,CSE101,None,None,Monsoon,Tanmoy Chakraborty,4,https://www.google.com/,3,,,,,,,,,,,,,,,
123,Introduction to Philosophy,SSH121,IPHI,None,None,None,Monsoon,Raj Ayyar,4,https://www.google.com/,14,,,,,,,,,,,,,,,
124,Introduction to Programming,CSE101,IP,None,None,None,Monsoon,"""Vikram Goyal, V Raghava Mutharaju""",4,https://www.google.com/,3,,,,,,,,,,,,,,,
125,Introduction to Psychology,PSY201,Psy,SSH101,None,HSS204,Monsoon,"""Will be announced later""???",4,https://www.google.com/,12,,,,,,,,,,,,,,,
126,Introduction to Quantitative Biology,BIO213,IQB,None,None,None,Winter,,4,https://www.google.com/,1,,,,,,,,,,,,,,,
127,Introduction to Quantum Computing,CSE622,IQC,MTH100,"""MTH201, CSE222""",None,None,,4,https://www.google.com/,3,,,,,,,,,,,,,,,
128,Introduction to Robotics,ECE670/CSE633,IRob,None,None,None,None,,4,https://www.google.com/,5,,,,,,,,,,,,,,,
129,Introduction to Sociology and Anthropology,SOC201,ISA,SSH101,None,"""HSS205, HSS215""",Monsoon,Amrit Srinivasan,4,https://www.google.com/,13,,,,,,,,,,,,,,,
130,Introduction to Spatial Computing,CSE555,ISC,None,None,None,None,Vishwanath Gunturi,,https://www.google.com/,3,,,,,,,,,,,,,,,
131,Introduction To The Study Of Literature,SSH214,Lit,None,None,None,Winter,,4,https://www.google.com/,14,,,,,,,,,,,,,,,
132,Introduction to VLSI Design,ECE314/514,DVD,None,None,None,Monsoon,Anuj Grover,4,https://www.google.com/,5,,,,,,,,,,,,,,,
133,IT AND SOCIETY,SOC207,ITS,None,SOC201,"""HSS212, SSH101""",Winter,,4,https://www.google.com/,13,,,,,,,,,,,,,,,
134,Linear Optimization,MTH374/MTH574,LO,MTH100,CSE101,MTH305/505,Winter,,4,https://www.google.com/,11,,,,,,,,,,,,,,,
135,Machine Learning,CSE343/CSE543,ML,"""MTH100, MTH201, CSE101, MTH203""",None,None,Monsoon,Saket Anand,4,https://www.google.com/,3,,,,,,,,,,,,,,,
136,Machine Learning and Biomedical Applications,BIO542,MLBA,None,None,None,Monsoon,GPS Raghava,4,https://www.google.com/,1,,,,,,,,,,,,,,,
137,Machine Learning Techniques for Real Time Control,ECE577,MLRC,None,"""MTH100, CSE343, ECE570""",None,Winter,,4,https://www.google.com/,5,,,,,,,,,,,,,,,
138,Macroeconomics,ECO201,MA,None,None,None,Monsoon,Kiriti Kanjilal,4,https://www.google.com/,6,,,,,,,,,,,,,,,
139,Market Design,ECO313,MD,ECO311,None,None,Winter,,4,https://www.google.com/,6,,,,,,,,,,,,,,,
140,Math I (Linear Algebra),MTH100,M-I,None,None,None,Monsoon,Samaresh Chatterji,4,https://www.google.com/,11,,,,,,,,,,,,,,,
141,Math III (Multivariate Calculus),MTH203,M-III,None,None,MTH240,Monsoon,"""Sarthok Sircar, Kaushik Kalyanraman""",4,https://www.google.com/,11,,,,,,,,,,,,,,,
142,Mathematics III (Multivariate Calculus),MTH203,M-III,None,None,MTH240,Monsoon,"""Sarthok Sircar, Kaushik Kalyanraman""",4,https://www.google.com/,11,,,,,,,,,,,,,,,
143,Mathematics IV (Differential Equations),MTH204,M-IV,MTH203,None,None,Winter,,4,https://www.google.com/,11,,,,,,,,,,,,,,,
144,Multimedia Security,CSE694F/ECE651,MS,"""CSE340, ECE350""",None,None,,,4,https://www.google.com/,3,,,,,,,,,,,,,,,
145,Memory Design and Testing,ECE611,MDT,"""ECE111, ECE113, CSE511, ECE511""",None,None,Winter,,4,https://www.google.com/,5,,,,,,,,,,,,,,,
146,Microeconomics,ECO101,ME,None,None,ECO301,Winter,,4,https://www.google.com/,6,,,,,,,,,,,,,,,
147,Mining Large Networks,CSE559,MLN,"""CSE222, CSE101, MTH201, CSE342/CSE542/ CSE343/CSE543/ECE5ML/ CSE642/CSE641"" ",None,None,Monsoon,Tanmoy Chakraborty,4,https://www.google.com/,3,,,,,,,,,,,,,,,
148,Mixed Signal Design,ECE612,MSD,"""ECE315/ECE515""",ECE213,None,Winter,,4,https://www.google.com/,5,,,,,,,,,,,,,,,
149,Mobile Communications,ECE343,MC,ECE240,None,None,Winter,,4,https://www.google.com/,5,,,,,,,,,,,,,,,
150,Mobile Computing,CSE535,MC,CSE101,"""CSE231, CSE232, CSE201""",None,Monsoon,Pushpendra Singh,4,https://www.google.com/,3,,,,,,,,,,,,,,,
151,Modeling and Analysis of Random 5G Networks,ECE55G,MAN,MTH201,None,None,Winter,,4,https://www.google.com/,5,,,,,,,,,,,,,,,
152,Modern Algorithm Design,CSE319/519,MAD,CSE222,None,None,Monsoon,Syamantak Das,4,https://www.google.com/,3,,,,,,,,,,,,,,,
153,Multi-agent Systems,CSE531,MAS,None,None,None,None,,4,https://www.google.com/,3,,,,,,,,,,,,,,,
154,Multimedia Computing and Applications,CSE563,MCA,None,"""CSE556, CSE343/CSE543/ECE5ML, CSE344/CSE544/ECE344/ECE544""",None,Winter,,4,https://www.google.com/,3,,,,,,,,,,,,,,,
155,Natural Language Processing,CSE551,NLP,CSE101,None,None,Monsoon,Tanmoy Chakraborty,4,https://www.google.com/,3,,,,,,,,,,,,,,,
156,Network administration,CSE233,NAdmn,None,CSE230,None,None,,2,https://www.google.com/,3,,,,,,,,,,,,,,,
157,Network Anonymity and Privacy,CSE749,NAP,None,CSE232,None,Monsoon,Sambuddho Chakravarty,4,https://www.google.com/,3,,,,,,,,,,,,,,,
158,Network Biology,BIO532,NB,None,CSE102,None,Monsoon,Ganesh Bagler,4,https://www.google.com/,1,,,,,,,,,,,,,,,
159,Network Science,BIO571,NS,None,CSE102,None,Winter,,4,https://www.google.com/,1,,,,,,,,,,,,,,,
160,Networks and Systems Security,CSE3xx/CSE5xx,NSS,"""CSE231, CSE345/CSE545, CSE232""",None,None,Winter,,4,https://www.google.com/,3,,,,,,,,,,,,,,,
161,Nonlinear and Adaptive Control of Robotic Systems,ECE579,NLR,None,ECE570,None,Monsoon,Sayan Basu Roy,4,https://www.google.com/,5,,,,,,,,,,,,,,,
162,Number Theory,MTH211,NT,None,None,None,Monsoon,Anuradha Sharma,4,https://www.google.com/,11,,,,,,,,,,,,,,,
163,Numerical Methods,MTH270,NM,"""MTH100, MTH204""",None,None,None,,4,https://www.google.com/,11,,,,,,,,,,,,,,,
164,Numerical Partial Differential Equations,MTH598,NPDE,"""MTH100, MTH203, MTH240""",None,MTH570,Winter,,4,https://www.google.com/,11,,,,,,,,,,,,,,,
165,Numerical Solutions Differential Equations,MTH570,NSDE,"""MTH100, MTH203, MTH240""","""MTH270, MTH204""",None,None,,4,https://www.google.com/,11,,,,,,,,,,,,,,,
166,Object Oriented Programming and Design,CSE600A/ECE600A,OOPD,None,"""CSE101, CSE102""",None,Monsoon,Naveen Prakash,2,https://www.google.com/,3,,,,,,,,,,,,,,,
167,Ontology Modeling,CSE580A,OM,CSE102,CSE201,None,None,,2,https://www.google.com/,3,,,,,,,,,,,,,,,
168,Operating Systems,CSE231,OS,CSE102,None,None,Winter,,4,https://www.google.com/,3,,,,,,,,,,,,,,,
169,Optical Communications Systems,ECE534,OCS,ECE240,None,None,Winter,,4,https://www.google.com/,5,,,,,,,,,,,,,,,
170,Optical Networking,ECE536s,ON,None,"""CSE636/ECE636, ECE534, CSE102""",None,None,,2,https://www.google.com/,5,,,,,,,,,,,,,,,
171,Optimal Control Systems,ECE571,OCS,None,None,None,None,,4,https://www.google.com/,5,,,,,,,,,,,,,,,
172,Organizations An Anthropological Perspective,SOC208,OAP,None,None,None,Winter,,4,https://www.google.com/,13,,,,,,,,,,,,,,,
173,Pattern Recognition,CSE342/CSE542,PR,MTH201,None,None,None,,4,https://www.google.com/,3,,,,,,,,,,,,,,,
174,Positive Psychology,PSY202,Ppsy,None,None,None,Winter,,4,https://www.google.com/,12,,,,,,,,,,,,,,,
175,Practical Bioinformatics,BIO521,PB,None,CSE102,None,None,,4,https://www.google.com/,1,,,,,,,,,,,,,,,
176,Practice of Programming,CSE304,PP,None,None,None,None,,,https://www.google.com/,3,,,,,,,,,,,,,,,
177,Principals of Digital Communication System,ECE543,PDCS,ECE240,ECE501,None,Monsoon,Anand Srivastava,4,https://www.google.com/,5,,,,,,,,,,,,,,,
178,Principles of Communication Systems,ECE240,PCS,"""ECE250, MTH201""",None,None,Winter,,4,https://www.google.com/,5,,,,,,,,,,,,,,,
179,Probabilistic Graphical Models,CSE561,PGM,MTH201,None,None,Winter,,4,https://www.google.com/,3,,,,,,,,,,,,,,,
180,Probability and Random Process,ECE501,PRP,ECE240,None,None,Monsoon,Anubha Gupta,4,https://www.google.com/,5,,,,,,,,,,,,,,,
181,Probability and Statistics,MTH201,P&S,None,None,None,Winter,"""Angshul Majumdar,Sanjit Kaul""",4,https://www.google.com/,11,,,,,,,,,,,,,,,
182,Program Analysis,CSE503,PA,"""CSE102, CSE201""",CSE322,None,Monsoon,Rahul Purandare,4,https://www.google.com/,3,,,,,,,,,,,,,,,
183,Radar Systems,ECE432,RS,ECE250,None,None,Winter,Shobha Sundaram,4,https://www.google.com/,5,,,,,,,,,,,,,,,
184,Randomized Algorithms,CSE523,RA,"""CSE222,CSE121,MTH201""",None,None,Winter,Rajiv Raman,4,https://www.google.com/,3,,,,,,,,,,,,,,,
185,Real Analysis I,MTH240,RA-I,None,None,MTH203,Monsoon,Sankha S Basu,4,https://www.google.com/,11,,,,,,,,,,,,,,,
186,Real Analysis-II,MTH340,RA-II,MTH240,None,None,Monsoon,Shilpak Banerjee,4,https://www.google.com/,11,,,,,,,,,,,,,,,
187,Reinforcement Learning,CSE564,RL,MTH201,None,None,Monsoon,Sanjit K Kaul,4,https://www.google.com/,3,,,,,,,,,,,,,,,
188,Research Methods,ENG599s,RM,None,None,None,Winter,Angshul Majumdar,2,https://www.google.com/,7,,,,,,,,,,,,,,,
189,Robotics,CSE633,Robotics,None,None,None,Winter,,4,https://www.google.com/,3,,,,,,,,,,,,,,,
190,Satellite Navigation and Sensor Fusion,ECE533,SNSF,ECE351,ECE501,None,Monsoon,Sanat Biswas,4,https://www.google.com/,5,,,,,,,,,,,,,,,
191,Scientific Computing,MTH373,SC,MTH100,"""MTH204,MTH203,MTH240""",MTH270,Monsoon,Kaushik Kalyanaraman,4,https://www.google.com/,11,,,,,,,,,,,,,,,
192,Security Engineering,CSE552,SE,CSE231,CSE335/CSE545,None,Monsoon,,4,https://www.google.com/,3,,,,,,,,,,,,,,,
193,Semantic Web,CSE632,Sweb,"""CSE101,CSE202""",CSE201,None,Winter,Raghava Mutharaju,4,https://www.google.com/,3,,,,,,,,,,,,,,,
194,Sensing Systems and Data Analytics in Building Energy Management,CSE312,SS&DABEM,None,None,None,Winter,,4,https://www.google.com/,3,,,,,,,,,,,,,,,
195,Signals and Systems,ECE250,S&S,MTH100,MTH100,None,Monsoon,Pravesh Biyani,4,https://www.google.com/,5,,,,,,,,,,,,,,,
196,Smart Sensing for Internet of Things (IoT),CSE576,SSIoT,None,None,None,Monsoon,,4,https://www.google.com/,3,,,,,,,,,,,,,,,
197,Social and Political Philosophy,SSH221,SPP,None,None,None,Monsoon,Manohar Kumar,4,https://www.google.com/,14,,,,,,,,,,,,,,,
198,Social Science and Research Methods,SSH201,RMSSD,SSH101,None,None,Monsoon,Venkata Ratandeep Suri,4,https://www.google.com/,14,,,,,,,,,,,,,,,
199,Sociology and Anthropology,SOC201,S&A,SSH101,None,None,Monsoon,,4,https://www.google.com/,13,,,,,,,,,,,,,,,
200,Sociology of New Media,SOC204,SNM,None,None,None,Monsoon,Aasim Khan,4,https://www.google.com/,13,,,,,,,,,,,,,,,
201,Software Defined Networking,CSE565,SDN,CSE232,None,None,Monsoon,,4,https://www.google.com/,3,,,,,,,,,,,,,,,
202,SOFTWARE ENGINEERING,CSE300,SE,None,None,None,Monsoon,,4,https://www.google.com/,3,,,,,,,,,,,,,,,
203,Software Production Evolution and Maintenance,CSE582,SPEM,None,None,None,Monsoon,Rahul Mohananai,4,https://www.google.com/,3,,,,,,,,,,,,,,,
204,Solid State Devices,ECE318,SSD,None,None,None,Winter,G.S.Visweswaran,4,https://www.google.com/,5,,,,,,,,,,,,,,,
205,Speech Recognition and Understanding,ECE577,SRU,ECE250,"""ECE351,CSE343/CSE543/CSE342""",None,Winter,Saket Anand,4,https://www.google.com/,3,,,,,,,,,,,,,,,
206,Starting an entrepreneurial venture,ENT402,SEntV,None,None,None,Winter,,4,https://www.google.com/,8,,,,,,,,,,,,,,,
207,Statistical Computation,CSE609,SComp,MTH201,None,None,Monsoon,,4,https://www.google.com/,3,,,,,,,,,,,,,,,
208,Statistical Inference,MTH372,SI,None,None,"""ECE452/ECE552, ECO321, CSE609""",Winter,Monika Arora,4,https://www.google.com/,11,,,,,,,,,,,,,,,
209,Statistical Machine Learning,CSE342,SML,"""CSE101,MTH201""",None,CSE342/542,Winter,Richa Singh,4,https://www.google.com/,3,,,,,,,,,,,,,,,
210,Statistical Signal Processing,ECE452,SSP,"""MTH100,MTH201,ECE250""",ECE501,None,Winter,Pravesh Biyani,4,https://www.google.com/,5,,,,,,,,,,,,,,,
211,Stochastic Estimation and Control,ECE672,SEC,ECE501,None,None,Winter,,2,https://www.google.com/,5,,,,,,,,,,,,,,,
212,Stochastic Processes and Applications,MTH371,SPA,MTH201,ECE501,None,Monsoon,Monika Arora,4,https://www.google.com/,11,,,,,,,,,,,,,,,
213,Stochastic Simulations in Systems Biology and Biophysics,BIO506,SSSBB,BIO303/503,None,None,Monsoon,,4,https://www.google.com/,1,,,,,,,,,,,,,,,
214,"System
Administration",CSE230,SA,CSE131,None,None,Monsoon,,2,https://www.google.com/,3,,,,,,,,,,,,,,,
215,System Biology,BIO301/BIO501,SB,None,None,None,Winter,,4,https://www.google.com/,1,,,,,,,,,,,,,,,
216,System on Chip Design and Test,ECE516,SCD&T,ECE512,None,None,Monsoon,,4,https://www.google.com/,5,,,,,,,,,,,,,,,
217,"Systems Analysis, Design and Requirements Engineering",CSE5SD,SADRE,None,None,None,Winter,Rahul Mohananai,4,https://www.google.com/,3,,,,,,,,,,,,,,,
218,Systems and Synthetic Biology,BIO533,S&SB,"""BIO531,BIO511""",MTH201,None,,,4,https://www.google.com/,1,,,,,,,,,,,,,,,
219,Systems Management,CSE131,SM,None,None,None,Monsoon,Will be declared soon,4,https://www.google.com/,3,,,,,,,,,,,,,,,
220,Technical Communication,COM301A,Tcom,None,None,None,Monsoon,Will be declared soon,2,https://www.google.com/,2,,,,,,,,,,,,,,,
221,Theatre Appreciation,SSH211,TA,None,None,HSS211,Monsoon,Manohar Khushalani,4,https://www.google.com/,14,,,,,,,,,,,,,,,
222,Theory of Computation,CSE322,ToC,CSE121,None,None,Winter,Debajyoti Bera,4,https://www.google.com/,3,,,,,,,,,,,,,,,
223,Theory of Modern cryptography,CSE524,TMC,None,"""CSE121,CSE546""",None,Monsoon,,4,https://www.google.com/,3,,,,,,,,,,,,,,,
224,Topics in Adaptive Cybersecurity,CSE5TAC,TAC,CSE345/CSE545/CSE350/CSE550,None,None,Monsoon,,4,https://www.google.com/,3,,,,,,,,,,,,,,,
225,Topics in Cryptanalysis,CSE793A,TC,None,CSE546,None,Winter,Donghoon Chand,4,https://www.google.com/,3,,,,,,,,,,,,,,,
226,Transform Learning and Applications,ECE558,TLA,MTH100,None,ECE362/ECE562,Winter,Anubha Gupta,4,https://www.google.com/,5,,,,,,,,,,,,,,,
227,Valuation and Portfolio Management,ECO332,VPM,ECO331/FIN401,None,None,Winter,Pankaj Vajpayee,4,https://www.google.com/,6,,,,,,,,,,,,,,,
228,Variational Calculus and their Applications,MTH599,VCA,MTH203,None,None,Monsoon,Sarthok Sircar,4,https://www.google.com/,11,,,,,,,,,,,,,,,
229,Virtual Reality,CSE570,VR,None,CSE333/CSE533,None,Winter,Ojaswa Sharma,4,https://www.google.com/,3,,,,,,,,,,,,,,,
230,Visual Design & Communication,DES202,VDC,DES101,None,None,Monsoon,"""Indrani De Parker,Vibha Narula Gupta""",4,https://www.google.com/,4,,,,,,,,,,,,,,,
231,VLSI Design Flow,ECE513,VLDIDF,None,None,None,Monsoon,,4,https://www.google.com/,5,,,,,,,,,,,,,,,
232,"Wearable Applications, Research, Devices, Interactions",DES513,WARDI,None,None,None,Monsoon,Aman Parnami,4,https://www.google.com/,4,,,,,,,,,,,,,,,
233,Wireless Communication Evolution from 3G to 5G,ECE537,WCE,ECE240,"""ECE340,ECE543""",None,Monsoon,,4,https://www.google.com/,5,,,,,,,,,,,,,,,
234,Wireless Networks,ECE538/CSE538,WN,CSE232,"""CSE231,CSE201""",None,Winter,Mukulika Maity,4,https://www.google.com/,5,,,,,,,,,,,,,,,
235,Wireless System Implementation,ECE539,WSI,ECE240,"""ECE340,ECE543""",None,Winter,Vivek Bohara,4,https://www.google.com/,5,,,,,,,,,,,,,,,
,,,,,,,,,,,,,,,,,,,,,,,,,,
,,,,,,,,,,,,,,,,,,,,,,,,,,
,,,,,,,,,,,,,,,,,,,,,,,,,,
,,,,,,,,,,,,,,,,,,,,,,,,,,
,,,,,,,,,,,,,,,,,,,,,,,,,,
,,,,,,,,,,,,,,,,,,,,,,,,,,
,,,,,,,,,,,,,,,,,,,,,,,,,,
,,,,,,,,,,,,,,,,,,,,,,,,,,
,,,,,,,,,,,,,,,,,,,,,,,,,,
,,,,,,,,,,,,,,,,,,,,,,,,,,
,,,,,,,,,,,,,,,,,,,,,,,,,,
,,,,,,,,,,,,,,,,,,,,,,,,,,
,,,,,,,,,,,,,,,,,,,,,,,,,,
,,,,,,,,,,,,,,,,,,,,,,,,,,
,,,,,,,,,,,,,,,,,,,,,,,,,,
,,,,,,,,,,,,,,,,,,,,,,,,,,
,,,,,,,,,,,,,,,,,,,,,,,,,,
,,,,,,,,,,,,,,,,,,,,,,,,,,
,,,,,,,,,,,,,,,,,,,,,,,,,,
,,,,,,,,,,,,,,,,,,,,,,,,,,
,,,,,,,,,,,,,,,,,,,,,,,,,,
,,,,,,,,,,,,,,,,,,,,,,,,,,
,,,,,,,,,,,,,,,,,,,,,,,,,,
,,,,,,,,,,,,,,,,,,,,,,,,,,
,,,,,,,,,,,,,,,,,,,,,,,,,,
,,,,,,,,,,,,,,,,,,,,,,,,,,
,,,,,,,,,,,,,,,,,,,,,,,,,,
,,,,,,,,,,,,,,,,,,,,,,,,,,
,,,,,,,,,,,,,,,,,,,,,,,,,,
,,,,,,,,,,,,,,,,,,,,,,,,,,
,,,,,,,,,,,,,,,,,,,,,,,,,,
,,,,,,,,,,,,,,,,,,,,,,,,,,
,,,,,,,,,,,,,,,,,,,,,,,,,,
,,,,,,,,,,,,,,,,,,,,,,,,,,
,,,,,,,,,,,,,,,,,,,,,,,,,,
,,,,,,,,,,,,,,,,,,,,,,,,,,
,,,,,,,,,,,,,,,,,,,,,,,,,,
,,,,,,,,,,,,,,,,,,,,,,,,,,
,,,,,,,,,,,,,,,,,,,,,,,,,,
,,,,,,,,,,,,,,,,,,,,,,,,,,
,,,,,,,,,,,,,,,,,,,,,,,,,,
,,,,,,,,,,,,,,,,,,,,,,,,,,
,,,,,,,,,,,,,,,,,,,,,,,,,,
,,,,,,,,,,,,,,,,,,,,,,,,,,
,,,,,,,,,,,,,,,,,,,,,,,,,,
,,,,,,,,,,,,,,,,,,,,,,,,,,
,,,,,,,,,,,,,,,,,,,,,,,,,,
,,,,,,,,,,,,,,,,,,,,,,,,,,
,,,,,,,,,,,,,,,,,,,,,,,,,,
,,,,,,,,,,,,,,,,,,,,,,,,,,
,,,,,,,,,,,,,,,,,,,,,,,,,,
,,,,,,,,,,,,,,,,,,,,,,,,,,
,,,,,,,,,,,,,,,,,,,,,,,,,,
,,,,,,,,,,,,,,,,,,,,,,,,,,
,,,,,,,,,,,,,,,,,,,,,,,,,,
,,,,,,,,,,,,,,,,,,,,,,,,,,
,,,,,,,,,,,,,,,,,,,,,,,,,,
,,,,,,,,,,,,,,,,,,,,,,,,,,
,,,,,,,,,,,,,,,,,,,,,,,,,,
,,,,,,,,,,,,,,,,,,,,,,,,,,
,,,,,,,,,,,,,,,,,,,,,,,,,,
,,,,,,,,,,,,,,,,,,,,,,,,,,
,,,,,,,,,,,,,,,,,,,,,,,,,,
,,,,,,,,,,,,,,,,,,,,,,,,,,
,,,,,,,,,,,,,,,,,,,,,,,,,,
,,,,,,,,,,,,,,,,,,,,,,,,,,
,,,,,,,,,,,,,,,,,,,,,,,,,,
,,,,,,,,,,,,,,,,,,,,,,,,,,
,,,,,,,,,,,,,,,,,,,,,,,,,,
,,,,,,,,,,,,,,,,,,,,,,,,,,
,,,,,,,,,,,,,,,,,,,,,,,,,,
,,,,,,,,,,,,,,,,,,,,,,,,,,
,,,,,,,,,,,,,,,,,,,,,,,,,,
,,,,,,,,,,,,,,,,,,,,,,,,,,
,,,,,,,,,,,,,,,,,,,,,,,,,,
,,,,,,,,,,,,,,,,,,,,,,,,,,
,,,,,,,,,,,,,,,,,,,,,,,,,,
,,,,,,,,,,,,,,,,,,,,,,,,,,
,,,,,,,,,,,,,,,,,,,,,,,,,,
,,,,,,,,,,,,,,,,,,,,,,,,,,
,,,,,,,,,,,,,,,,,,,,,,,,,,
,,,,,,,,,,,,,,,,,,,,,,,,,,
,,,,,,,,,,,,,,,,,,,,,,,,,,
,,,,,,,,,,,,,,,,,,,,,,,,,,
,,,,,,,,,,,,,,,,,,,,,,,,,,
,,,,,,,,,,,,,,,,,,,,,,,,,,
,,,,,,,,,,,,,,,,,,,,,,,,,,
,,,,,,,,,,,,,,,,,,,,,,,,,,
,,,,,,,,,,,,,,,,,,,,,,,,,,
,,,,,,,,,,,,,,,,,,,,,,,,,,
,,,,,,,,,,,,,,,,,,,,,,,,,,
,,,,,,,,,,,,,,,,,,,,,,,,,,
,,,,,,,,,,,,,,,,,,,,,,,,,,
,,,,,,,,,,,,,,,,,,,,,,,,,,
,,,,,,,,,,,,,,,,,,,,,,,,,,
,,,,,,,,,,,,,,,,,,,,,,,,,,
,,,,,,,,,,,,,,,,,,,,,,,,,,
,,,,,,,,,,,,,,,,,,,,,,,,,,
,,,,,,,,,,,,,,,,,,,,,,,,,,
,,,,,,,,,,,,,,,,,,,,,,,,,,
,,,,,,,,,,,,,,,,,,,,,,,,,,
,,,,,,,,,,,,,,,,,,,,,,,,,,
,,,,,,,,,,,,,,,,,,,,,,,,,,
,,,,,,,,,,,,,,,,,,,,,,,,,,
,,,,,,,,,,,,,,,,,,,,,,,,,,
,,,,,,,,,,,,,,,,,,,,,,,,,,
,,,,,,,,,,,,,,,,,,,,,,,,,,
,,,,,,,,,,,,,,,,,,,,,,,,,,
,,,,,,,,,,,,,,,,,,,,,,,,,,
,,,,,,,,,,,,,,,,,,,,,,,,,,
,,,,,,,,,,,,,,,,,,,,,,,,,,
,,,,,,,,,,,,,,,,,,,,,,,,,,
,,,,,,,,,,,,,,,,,,,,,,,,,,
,,,,,,,,,,,,,,,,,,,,,,,,,,
,,,,,,,,,,,,,,,,,,,,,,,,,,
,,,,,,,,,,,,,,,,,,,,,,,,,,
,,,,,,,,,,,,,,,,,,,,,,,,,,
,,,,,,,,,,,,,,,,,,,,,,,,,,
,,,,,,,,,,,,,,,,,,,,,,,,,,
,,,,,,,,,,,,,,,,,,,,,,,,,,
,,,,,,,,,,,,,,,,,,,,,,,,,,
,,,,,,,,,,,,,,,,,,,,,,,,,,
,,,,,,,,,,,,,,,,,,,,,,,,,,
,,,,,,,,,,,,,,,,,,,,,,,,,,
,,,,,,,,,,,,,,,,,,,,,,,,,,
,,,,,,,,,,,,,,,,,,,,,,,,,,
,,,,,,,,,,,,,,,,,,,,,,,,,,
,,,,,,,,,,,,,,,,,,,,,,,,,,
,,,,,,,,,,,,,,,,,,,,,,,,,,
,,,,,,,,,,,,,,,,,,,,,,,,,,
,,,,,,,,,,,,,,,,,,,,,,,,,,
,,,,,,,,,,,,,,,,,,,,,,,,,,
,,,,,,,,,,,,,,,,,,,,,,,,,,
,,,,,,,,,,,,,,,,,,,,,,,,,,
,,,,,,,,,,,,,,,,,,,,,,,,,,
,,,,,,,,,,,,,,,,,,,,,,,,,,
,,,,,,,,,,,,,,,,,,,,,,,,,,
,,,,,,,,,,,,,,,,,,,,,,,,,,
,,,,,,,,,,,,,,,,,,,,,,,,,,
,,,,,,,,,,,,,,,,,,,,,,,,,,
,,,,,,,,,,,,,,,,,,,,,,,,,,
,,,,,,,,,,,,,,,,,,,,,,,,,,
,,,,,,,,,,,,,,,,,,,,,,,,,,
,,,,,,,,,,,,,,,,,,,,,,,,,,
,,,,,,,,,,,,,,,,,,,,,,,,,,
,,,,,,,,,,,,,,,,,,,,,,,,,,
,,,,,,,,,,,,,,,,,,,,,,,,,,
,,,,,,,,,,,,,,,,,,,,,,,,,,
,,,,,,,,,,,,,,,,,,,,,,,,,,
,,,,,,,,,,,,,,,,,,,,,,,,,,
,,,,,,,,,,,,,,,,,,,,,,,,,,
,,,,,,,,,,,,,,,,,,,,,,,,,,
,,,,,,,,,,,,,,,,,,,,,,,,,,
,,,,,,,,,,,,,,,,,,,,,,,,,,
,,,,,,,,,,,,,,,,,,,,,,,,,,
,,,,,,,,,,,,,,,,,,,,,,,,,,
,,,,,,,,,,,,,,,,,,,,,,,,,,
,,,,,,,,,,,,,,,,,,,,,,,,,,
,,,,,,,,,,,,,,,,,,,,,,,,,,
,,,,,,,,,,,,,,,,,,,,,,,,,,
,,,,,,,,,,,,,,,,,,,,,,,,,,
,,,,,,,,,,,,,,,,,,,,,,,,,,
,,,,,,,,,,,,,,,,,,,,,,,,,,
,,,,,,,,,,,,,,,,,,,,,,,,,,
,,,,,,,,,,,,,,,,,,,,,,,,,,
,,,,,,,,,,,,,,,,,,,,,,,,,,
,,,,,,,,,,,,,,,,,,,,,,,,,,
,,,,,,,,,,,,,,,,,,,,,,,,,,
,,,,,,,,,,,,,,,,,,,,,,,,,,
,,,,,,,,,,,,,,,,,,,,,,,,,,
,,,,,,,,,,,,,,,,,,,,,,,,,,
,,,,,,,,,,,,,,,,,,,,,,,,,,
,,,,,,,,,,,,,,,,,,,,,,,,,,
,,,,,,,,,,,,,,,,,,,,,,,,,,
,,,,,,,,,,,,,,,,,,,,,,,,,,
,,,,,,,,,,,,,,,,,,,,,,,,,,
,,,,,,,,,,,,,,,,,,,,,,,,,,
,,,,,,,,,,,,,,,,,,,,,,,,,,
,,,,,,,,,,,,,,,,,,,,,,,,,,
,,,,,,,,,,,,,,,,,,,,,,,,,,
,,,,,,,,,,,,,,,,,,,,,,,,,,
,,,,,,,,,,,,,,,,,,,,,,,,,,
,,,,,,,,,,,,,,,,,,,,,,,,,,
,,,,,,,,,,,,,,,,,,,,,,,,,,
,,,,,,,,,,,,,,,,,,,,,,,,,,
,,,,,,,,,,,,,,,,,,,,,,,,,,
,,,,,,,,,,,,,,,,,,,,,,,,,,
,,,,,,,,,,,,,,,,,,,,,,,,,,
,,,,,,,,,,,,,,,,,,,,,,,,,,
,,,,,,,,,,,,,,,,,,,,,,,,,,
,,,,,,,,,,,,,,,,,,,,,,,,,,
,,,,,,,,,,,,,,,,,,,,,,,,,,
,,,,,,,,,,,,,,,,,,,,,,,,,,
,,,,,,,,,,,,,,,,,,,,,,,,,,
,,,,,,,,,,,,,,,,,,,,,,,,,,
,,,,,,,,,,,,,,,,,,,,,,,,,,
,,,,,,,,,,,,,,,,,,,,,,,,,,
,,,,,,,,,,,,,,,,,,,,,,,,,,
,,,,,,,,,,,,,,,,,,,,,,,,,,
,,,,,,,,,,,,,,,,,,,,,,,,,,
,,,,,,,,,,,,,,,,,,,,,,,,,,
,,,,,,,,,,,,,,,,,,,,,,,,,,
,,,,,,,,,,,,,,,,,,,,,,,,,,
,,,,,,,,,,,,,,,,,,,,,,,,,,
,,,,,,,,,,,,,,,,,,,,,,,,,,
,,,,,,,,,,,,,,,,,,,,,,,,,,
,,,,,,,,,,,,,,,,,,,,,,,,,,
,,,,,,,,,,,,,,,,,,,,,,,,,,
,,,,,,,,,,,,,,,,,,,,,,,,,,
,,,,,,,,,,,,,,,,,,,,,,,,,,
,,,,,,,,,,,,,,,,,,,,,,,,,,
,,,,,,,,,,,,,,,,,,,,,,,,,,
,,,,,,,,,,,,,,,,,,,,,,,,,,
,,,,,,,,,,,,,,,,,,,,,,,,,,
,,,,,,,,,,,,,,,,,,,,,,,,,,
,,,,,,,,,,,,,,,,,,,,,,,,,,
,,,,,,,,,,,,,,,,,,,,,,,,,,
,,,,,,,,,,,,,,,,,,,,,,,,,,
,,,,,,,,,,,,,,,,,,,,,,,,,,
,,,,,,,,,,,,,,,,,,,,,,,,,,
,,,,,,,,,,,,,,,,,,,,,,,,,,
,,,,,,,,,,,,,,,,,,,,,,,,,,
,,,,,,,,,,,,,,,,,,,,,,,,,,
,,,,,,,,,,,,,,,,,,,,,,,,,,
,,,,,,,,,,,,,,,,,,,,,,,,,,
,,,,,,,,,,,,,,,,,,,,,,,,,,
,,,,,,,,,,,,,,,,,,,,,,,,,,
,,,,,,,,,,,,,,,,,,,,,,,,,,
,,,,,,,,,,,,,,,,,,,,,,,,,,
,,,,,,,,,,,,,,,,,,,,,,,,,,
,,,,,,,,,,,,,,,,,,,,,,,,,,
,,,,,,,,,,,,,,,,,,,,,,,,,,
,,,,,,,,,,,,,,,,,,,,,,,,,,
,,,,,,,,,,,,,,,,,,,,,,,,,,
,,,,,,,,,,,,,,,,,,,,,,,,,,
,,,,,,,,,,,,,,,,,,,,,,,,,,
,,,,,,,,,,,,,,,,,,,,,,,,,,
,,,,,,,,,,,,,,,,,,,,,,,,,,
,,,,,,,,,,,,,,,,,,,,,,,,,,
,,,,,,,,,,,,,,,,,,,,,,,,,,
,,,,,,,,,,,,,,,,,,,,,,,,,,
,,,,,,,,,,,,,,,,,,,,,,,,,,
,,,,,,,,,,,,,,,,,,,,,,,,,,
,,,,,,,,,,,,,,,,,,,,,,,,,,
,,,,,,,,,,,,,,,,,,,,,,,,,,
,,,,,,,,,,,,,,,,,,,,,,,,,,
,,,,,,,,,,,,,,,,,,,,,,,,,,
,,,,,,,,,,,,,,,,,,,,,,,,,,
,,,,,,,,,,,,,,,,,,,,,,,,,,
,,,,,,,,,,,,,,,,,,,,,,,,,,
,,,,,,,,,,,,,,,,,,,,,,,,,,
,,,,,,,,,,,,,,,,,,,,,,,,,,
,,,,,,,,,,,,,,,,,,,,,,,,,,
,,,,,,,,,,,,,,,,,,,,,,,,,,
,,,,,,,,,,,,,,,,,,,,,,,,,,
,,,,,,,,,,,,,,,,,,,,,,,,,,
,,,,,,,,,,,,,,,,,,,,,,,,,,
,,,,,,,,,,,,,,,,,,,,,,,,,,
,,,,,,,,,,,,,,,,,,,,,,,,,,
,,,,,,,,,,,,,,,,,,,,,,,,,,
,,,,,,,,,,,,,,,,,,,,,,,,,,
,,,,,,,,,,,,,,,,,,,,,,,,,,
,,,,,,,,,,,,,,,,,,,,,,,,,,
,,,,,,,,,,,,,,,,,,,,,,,,,,
,,,,,,,,,,,,,,,,,,,,,,,,,,
,,,,,,,,,,,,,,,,,,,,,,,,,,
,,,,,,,,,,,,,,,,,,,,,,,,,,
,,,,,,,,,,,,,,,,,,,,,,,,,,
,,,,,,,,,,,,,,,,,,,,,,,,,,
,,,,,,,,,,,,,,,,,,,,,,,,,,
,,,,,,,,,,,,,,,,,,,,,,,,,,
,,,,,,,,,,,,,,,,,,,,,,,,,,
,,,,,,,,,,,,,,,,,,,,,,,,,,
,,,,,,,,,,,,,,,,,,,,,,,,,,
,,,,,,,,,,,,,,,,,,,,,,,,,,
,,,,,,,,,,,,,,,,,,,,,,,,,,
,,,,,,,,,,,,,,,,,,,,,,,,,,
,,,,,,,,,,,,,,,,,,,,,,,,,,
,,,,,,,,,,,,,,,,,,,,,,,,,,
,,,,,,,,,,,,,,,,,,,,,,,,,,
,,,,,,,,,,,,,,,,,,,,,,,,,,
,,,,,,,,,,,,,,,,,,,,,,,,,,
,,,,,,,,,,,,,,,,,,,,,,,,,,
,,,,,,,,,,,,,,,,,,,,,,,,,,
,,,,,,,,,,,,,,,,,,,,,,,,,,
,,,,,,,,,,,,,,,,,,,,,,,,,,
,,,,,,,,,,,,,,,,,,,,,,,,,,
,,,,,,,,,,,,,,,,,,,,,,,,,,
,,,,,,,,,,,,,,,,,,,,,,,,,,
,,,,,,,,,,,,,,,,,,,,,,,,,,
,,,,,,,,,,,,,,,,,,,,,,,,,,
,,,,,,,,,,,,,,,,,,,,,,,,,,
,,,,,,,,,,,,,,,,,,,,,,,,,,
,,,,,,,,,,,,,,,,,,,,,,,,,,
,,,,,,,,,,,,,,,,,,,,,,,,,,
,,,,,,,,,,,,,,,,,,,,,,,,,,
,,,,,,,,,,,,,,,,,,,,,,,,,,
,,,,,,,,,,,,,,,,,,,,,,,,,,
,,,,,,,,,,,,,,,,,,,,,,,,,,
,,,,,,,,,,,,,,,,,,,,,,,,,,
,,,,,,,,,,,,,,,,,,,,,,,,,,
,,,,,,,,,,,,,,,,,,,,,,,,,,
,,,,,,,,,,,,,,,,,,,,,,,,,,
,,,,,,,,,,,,,,,,,,,,,,,,,,
,,,,,,,,,,,,,,,,,,,,,,,,,,
,,,,,,,,,,,,,,,,,,,,,,,,,,
,,,,,,,,,,,,,,,,,,,,,,,,,,
,,,,,,,,,,,,,,,,,,,,,,,,,,
,,,,,,,,,,,,,,,,,,,,,,,,,,
,,,,,,,,,,,,,,,,,,,,,,,,,,
,,,,,,,,,,,,,,,,,,,,,,,,,,
,,,,,,,,,,,,,,,,,,,,,,,,,,
,,,,,,,,,,,,,,,,,,,,,,,,,,
,,,,,,,,,,,,,,,,,,,,,,,,,,
,,,,,,,,,,,,,,,,,,,,,,,,,,
,,,,,,,,,,,,,,,,,,,,,,,,,,
,,,,,,,,,,,,,,,,,,,,,,,,,,
,,,,,,,,,,,,,,,,,,,,,,,,,,
,,,,,,,,,,,,,,,,,,,,,,,,,,
,,,,,,,,,,,,,,,,,,,,,,,,,,
,,,,,,,,,,,,,,,,,,,,,,,,,,
,,,,,,,,,,,,,,,,,,,,,,,,,,
,,,,,,,,,,,,,,,,,,,,,,,,,,
,,,,,,,,,,,,,,,,,,,,,,,,,,
,,,,,,,,,,,,,,,,,,,,,,,,,,
,,,,,,,,,,,,,,,,,,,,,,,,,,
,,,,,,,,,,,,,,,,,,,,,,,,,,
,,,,,,,,,,,,,,,,,,,,,,,,,,
,,,,,,,,,,,,,,,,,,,,,,,,,,
,,,,,,,,,,,,,,,,,,,,,,,,,,
,,,,,,,,,,,,,,,,,,,,,,,,,,
,,,,,,,,,,,,,,,,,,,,,,,,,,
,,,,,,,,,,,,,,,,,,,,,,,,,,
,,,,,,,,,,,,,,,,,,,,,,,,,,
,,,,,,,,,,,,,,,,,,,,,,,,,,
,,,,,,,,,,,,,,,,,,,,,,,,,,
,,,,,,,,,,,,,,,,,,,,,,,,,,
,,,,,,,,,,,,,,,,,,,,,,,,,,
,,,,,,,,,,,,,,,,,,,,,,,,,,
,,,,,,,,,,,,,,,,,,,,,,,,,,
,,,,,,,,,,,,,,,,,,,,,,,,,,
,,,,,,,,,,,,,,,,,,,,,,,,,,
,,,,,,,,,,,,,,,,,,,,,,,,,,
,,,,,,,,,,,,,,,,,,,,,,,,,,
,,,,,,,,,,,,,,,,,,,,,,,,,,
,,,,,,,,,,,,,,,,,,,,,,,,,,
,,,,,,,,,,,,,,,,,,,,,,,,,,
,,,,,,,,,,,,,,,,,,,,,,,,,,
,,,,,,,,,,,,,,,,,,,,,,,,,,
,,,,,,,,,,,,,,,,,,,,,,,,,,
,,,,,,,,,,,,,,,,,,,,,,,,,,
,,,,,,,,,,,,,,,,,,,,,,,,,,
,,,,,,,,,,,,,,,,,,,,,,,,,,
,,,,,,,,,,,,,,,,,,,,,,,,,,
,,,,,,,,,,,,,,,,,,,,,,,,,,
,,,,,,,,,,,,,,,,,,,,,,,,,,
,,,,,,,,,,,,,,,,,,,,,,,,,,
,,,,,,,,,,,,,,,,,,,,,,,,,,
,,,,,,,,,,,,,,,,,,,,,,,,,,
,,,,,,,,,,,,,,,,,,,,,,,,,,
,,,,,,,,,,,,,,,,,,,,,,,,,,
,,,,,,,,,,,,,,,,,,,,,,,,,,
,,,,,,,,,,,,,,,,,,,,,,,,,,
,,,,,,,,,,,,,,,,,,,,,,,,,,
,,,,,,,,,,,,,,,,,,,,,,,,,,
,,,,,,,,,,,,,,,,,,,,,,,,,,
,,,,,,,,,,,,,,,,,,,,,,,,,,
,,,,,,,,,,,,,,,,,,,,,,,,,,
,,,,,,,,,,,,,,,,,,,,,,,,,,
,,,,,,,,,,,,,,,,,,,,,,,,,,
,,,,,,,,,,,,,,,,,,,,,,,,,,
,,,,,,,,,,,,,,,,,,,,,,,,,,
,,,,,,,,,,,,,,,,,,,,,,,,,,
,,,,,,,,,,,,,,,,,,,,,,,,,,
,,,,,,,,,,,,,,,,,,,,,,,,,,
,,,,,,,,,,,,,,,,,,,,,,,,,,
,,,,,,,,,,,,,,,,,,,,,,,,,,
,,,,,,,,,,,,,,,,,,,,,,,,,,
,,,,,,,,,,,,,,,,,,,,,,,,,,
,,,,,,,,,,,,,,,,,,,,,,,,,,
,,,,,,,,,,,,,,,,,,,,,,,,,,
,,,,,,,,,,,,,,,,,,,,,,,,,,
,,,,,,,,,,,,,,,,,,,,,,,,,,
,,,,,,,,,,,,,,,,,,,,,,,,,,
,,,,,,,,,,,,,,,,,,,,,,,,,,
,,,,,,,,,,,,,,,,,,,,,,,,,,
,,,,,,,,,,,,,,,,,,,,,,,,,,
,,,,,,,,,,,,,,,,,,,,,,,,,,
,,,,,,,,,,,,,,,,,,,,,,,,,,
,,,,,,,,,,,,,,,,,,,,,,,,,,
,,,,,,,,,,,,,,,,,,,,,,,,,,
,,,,,,,,,,,,,,,,,,,,,,,,,,
,,,,,,,,,,,,,,,,,,,,,,,,,,
,,,,,,,,,,,,,,,,,,,,,,,,,,
,,,,,,,,,,,,,,,,,,,,,,,,,,
,,,,,,,,,,,,,,,,,,,,,,,,,,
,,,,,,,,,,,,,,,,,,,,,,,,,,
,,,,,,,,,,,,,,,,,,,,,,,,,,
,,,,,,,,,,,,,,,,,,,,,,,,,,
,,,,,,,,,,,,,,,,,,,,,,,,,,
,,,,,,,,,,,,,,,,,,,,,,,,,,
,,,,,,,,,,,,,,,,,,,,,,,,,,
,,,,,,,,,,,,,,,,,,,,,,,,,,
,,,,,,,,,,,,,,,,,,,,,,,,,,
,,,,,,,,,,,,,,,,,,,,,,,,,,
,,,,,,,,,,,,,,,,,,,,,,,,,,
,,,,,,,,,,,,,,,,,,,,,,,,,,
,,,,,,,,,,,,,,,,,,,,,,,,,,
,,,,,,,,,,,,,,,,,,,,,,,,,,
,,,,,,,,,,,,,,,,,,,,,,,,,,
,,,,,,,,,,,,,,,,,,,,,,,,,,
,,,,,,,,,,,,,,,,,,,,,,,,,,
,,,,,,,,,,,,,,,,,,,,,,,,,,
,,,,,,,,,,,,,,,,,,,,,,,,,,
,,,,,,,,,,,,,,,,,,,,,,,,,,
,,,,,,,,,,,,,,,,,,,,,,,,,,
,,,,,,,,,,,,,,,,,,,,,,,,,,
,,,,,,,,,,,,,,,,,,,,,,,,,,
,,,,,,,,,,,,,,,,,,,,,,,,,,
,,,,,,,,,,,,,,,,,,,,,,,,,,
,,,,,,,,,,,,,,,,,,,,,,,,,,
,,,,,,,,,,,,,,,,,,,,,,,,,,
,,,,,,,,,,,,,,,,,,,,,,,,,,
,,,,,,,,,,,,,,,,,,,,,,,,,,
,,,,,,,,,,,,,,,,,,,,,,,,,,
,,,,,,,,,,,,,,,,,,,,,,,,,,
,,,,,,,,,,,,,,,,,,,,,,,,,,
,,,,,,,,,,,,,,,,,,,,,,,,,,
,,,,,,,,,,,,,,,,,,,,,,,,,,
,,,,,,,,,,,,,,,,,,,,,,,,,,
,,,,,,,,,,,,,,,,,,,,,,,,,,
,,,,,,,,,,,,,,,,,,,,,,,,,,
,,,,,,,,,,,,,,,,,,,,,,,,,,
,,,,,,,,,,,,,,,,,,,,,,,,,,
,,,,,,,,,,,,,,,,,,,,,,,,,,
,,,,,,,,,,,,,,,,,,,,,,,,,,
,,,,,,,,,,,,,,,,,,,,,,,,,,
,,,,,,,,,,,,,,,,,,,,,,,,,,
,,,,,,,,,,,,,,,,,,,,,,,,,,
,,,,,,,,,,,,,,,,,,,,,,,,,,
,,,,,,,,,,,,,,,,,,,,,,,,,,
,,,,,,,,,,,,,,,,,,,,,,,,,,
,,,,,,,,,,,,,,,,,,,,,,,,,,
,,,,,,,,,,,,,,,,,,,,,,,,,,
,,,,,,,,,,,,,,,,,,,,,,,,,,
,,,,,,,,,,,,,,,,,,,,,,,,,,
,,,,,,,,,,,,,,,,,,,,,,,,,,
,,,,,,,,,,,,,,,,,,,,,,,,,,
,,,,,,,,,,,,,,,,,,,,,,,,,,
,,,,,,,,,,,,,,,,,,,,,,,,,,
,,,,,,,,,,,,,,,,,,,,,,,,,,
,,,,,,,,,,,,,,,,,,,,,,,,,,
,,,,,,,,,,,,,,,,,,,,,,,,,,
,,,,,,,,,,,,,,,,,,,,,,,,,,
,,,,,,,,,,,,,,,,,,,,,,,,,,
,,,,,,,,,,,,,,,,,,,,,,,,,,
,,,,,,,,,,,,,,,,,,,,,,,,,,
,,,,,,,,,,,,,,,,,,,,,,,,,,
,,,,,,,,,,,,,,,,,,,,,,,,,,
,,,,,,,,,,,,,,,,,,,,,,,,,,
,,,,,,,,,,,,,,,,,,,,,,,,,,
,,,,,,,,,,,,,,,,,,,,,,,,,,
,,,,,,,,,,,,,,,,,,,,,,,,,,
,,,,,,,,,,,,,,,,,,,,,,,,,,
,,,,,,,,,,,,,,,,,,,,,,,,,,
,,,,,,,,,,,,,,,,,,,,,,,,,,
,,,,,,,,,,,,,,,,,,,,,,,,,,
,,,,,,,,,,,,,,,,,,,,,,,,,,
,,,,,,,,,,,,,,,,,,,,,,,,,,
,,,,,,,,,,,,,,,,,,,,,,,,,,
,,,,,,,,,,,,,,,,,,,,,,,,,,
,,,,,,,,,,,,,,,,,,,,,,,,,,
,,,,,,,,,,,,,,,,,,,,,,,,,,
,,,,,,,,,,,,,,,,,,,,,,,,,,
,,,,,,,,,,,,,,,,,,,,,,,,,,
,,,,,,,,,,,,,,,,,,,,,,,,,,
,,,,,,,,,,,,,,,,,,,,,,,,,,
,,,,,,,,,,,,,,,,,,,,,,,,,,
,,,,,,,,,,,,,,,,,,,,,,,,,,
,,,,,,,,,,,,,,,,,,,,,,,,,,
,,,,,,,,,,,,,,,,,,,,,,,,,,
,,,,,,,,,,,,,,,,,,,,,,,,,,
,,,,,,,,,,,,,,,,,,,,,,,,,,
,,,,,,,,,,,,,,,,,,,,,,,,,,
,,,,,,,,,,,,,,,,,,,,,,,,,,
,,,,,,,,,,,,,,,,,,,,,,,,,,
,,,,,,,,,,,,,,,,,,,,,,,,,,
,,,,,,,,,,,,,,,,,,,,,,,,,,
,,,,,,,,,,,,,,,,,,,,,,,,,,
,,,,,,,,,,,,,,,,,,,,,,,,,,
,,,,,,,,,,,,,,,,,,,,,,,,,,
,,,,,,,,,,,,,,,,,,,,,,,,,,
,,,,,,,,,,,,,,,,,,,,,,,,,,
,,,,,,,,,,,,,,,,,,,,,,,,,,
,,,,,,,,,,,,,,,,,,,,,,,,,,
,,,,,,,,,,,,,,,,,,,,,,,,,,
,,,,,,,,,,,,,,,,,,,,,,,,,,
,,,,,,,,,,,,,,,,,,,,,,,,,,
,,,,,,,,,,,,,,,,,,,,,,,,,,
,,,,,,,,,,,,,,,,,,,,,,,,,,
,,,,,,,,,,,,,,,,,,,,,,,,,,
,,,,,,,,,,,,,,,,,,,,,,,,,,
,,,,,,,,,,,,,,,,,,,,,,,,,,
,,,,,,,,,,,,,,,,,,,,,,,,,,
,,,,,,,,,,,,,,,,,,,,,,,,,,
,,,,,,,,,,,,,,,,,,,,,,,,,,
,,,,,,,,,,,,,,,,,,,,,,,,,,
,,,,,,,,,,,,,,,,,,,,,,,,,,
,,,,,,,,,,,,,,,,,,,,,,,,,,
,,,,,,,,,,,,,,,,,,,,,,,,,,
,,,,,,,,,,,,,,,,,,,,,,,,,,
,,,,,,,,,,,,,,,,,,,,,,,,,,
,,,,,,,,,,,,,,,,,,,,,,,,,,
,,,,,,,,,,,,,,,,,,,,,,,,,,
,,,,,,,,,,,,,,,,,,,,,,,,,,
,,,,,,,,,,,,,,,,,,,,,,,,,,
,,,,,,,,,,,,,,,,,,,,,,,,,,
,,,,,,,,,,,,,,,,,,,,,,,,,,
,,,,,,,,,,,,,,,,,,,,,,,,,,
,,,,,,,,,,,,,,,,,,,,,,,,,,
,,,,,,,,,,,,,,,,,,,,,,,,,,
,,,,,,,,,,,,,,,,,,,,,,,,,,
,,,,,,,,,,,,,,,,,,,,,,,,,,
,,,,,,,,,,,,,,,,,,,,,,,,,,
,,,,,,,,,,,,,,,,,,,,,,,,,,
,,,,,,,,,,,,,,,,,,,,,,,,,,
,,,,,,,,,,,,,,,,,,,,,,,,,,
,,,,,,,,,,,,,,,,,,,,,,,,,,
,,,,,,,,,,,,,,,,,,,,,,,,,,
,,,,,,,,,,,,,,,,,,,,,,,,,,
,,,,,,,,,,,,,,,,,,,,,,,,,,
,,,,,,,,,,,,,,,,,,,,,,,,,,
,,,,,,,,,,,,,,,,,,,,,,,,,,
,,,,,,,,,,,,,,,,,,,,,,,,,,
,,,,,,,,,,,,,,,,,,,,,,,,,,
,,,,,,,,,,,,,,,,,,,,,,,,,,
,,,,,,,,,,,,,,,,,,,,,,,,,,
,,,,,,,,,,,,,,,,,,,,,,,,,,
,,,,,,,,,,,,,,,,,,,,,,,,,,
,,,,,,,,,,,,,,,,,,,,,,,,,,
,,,,,,,,,,,,,,,,,,,,,,,,,,
,,,,,,,,,,,,,,,,,,,,,,,,,,
,,,,,,,,,,,,,,,,,,,,,,,,,,
,,,,,,,,,,,,,,,,,,,,,,,,,,
,,,,,,,,,,,,,,,,,,,,,,,,,,
,,,,,,,,,,,,,,,,,,,,,,,,,,
,,,,,,,,,,,,,,,,,,,,,,,,,,
,,,,,,,,,,,,,,,,,,,,,,,,,,
,,,,,,,,,,,,,,,,,,,,,,,,,,
,,,,,,,,,,,,,,,,,,,,,,,,,,
,,,,,,,,,,,,,,,,,,,,,,,,,,
,,,,,,,,,,,,,,,,,,,,,,,,,,
,,,,,,,,,,,,,,,,,,,,,,,,,,
,,,,,,,,,,,,,,,,,,,,,,,,,,
,,,,,,,,,,,,,,,,,,,,,,,,,,
,,,,,,,,,,,,,,,,,,,,,,,,,,
,,,,,,,,,,,,,,,,,,,,,,,,,,
,,,,,,,,,,,,,,,,,,,,,,,,,,
,,,,,,,,,,,,,,,,,,,,,,,,,,
,,,,,,,,,,,,,,,,,,,,,,,,,,
,,,,,,,,,,,,,,,,,,,,,,,,,,
,,,,,,,,,,,,,,,,,,,,,,,,,,
,,,,,,,,,,,,,,,,,,,,,,,,,,
,,,,,,,,,,,,,,,,,,,,,,,,,,
,,,,,,,,,,,,,,,,,,,,,,,,,,
,,,,,,,,,,,,,,,,,,,,,,,,,,
,,,,,,,,,,,,,,,,,,,,,,,,,,
,,,,,,,,,,,,,,,,,,,,,,,,,,
,,,,,,,,,,,,,,,,,,,,,,,,,,
,,,,,,,,,,,,,,,,,,,,,,,,,,
,,,,,,,,,,,,,,,,,,,,,,,,,,
,,,,,,,,,,,,,,,,,,,,,,,,,,
,,,,,,,,,,,,,,,,,,,,,,,,,,
,,,,,,,,,,,,,,,,,,,,,,,,,,
,,,,,,,,,,,,,,,,,,,,,,,,,,
,,,,,,,,,,,,,,,,,,,,,,,,,,
,,,,,,,,,,,,,,,,,,,,,,,,,,
,,,,,,,,,,,,,,,,,,,,,,,,,,
,,,,,,,,,,,,,,,,,,,,,,,,,,
,,,,,,,,,,,,,,,,,,,,,,,,,,
,,,,,,,,,,,,,,,,,,,,,,,,,,
,,,,,,,,,,,,,,,,,,,,,,,,,,
,,,,,,,,,,,,,,,,,,,,,,,,,,
,,,,,,,,,,,,,,,,,,,,,,,,,,
,,,,,,,,,,,,,,,,,,,,,,,,,,
,,,,,,,,,,,,,,,,,,,,,,,,,,
,,,,,,,,,,,,,,,,,,,,,,,,,,
,,,,,,,,,,,,,,,,,,,,,,,,,,
,,,,,,,,,,,,,,,,,,,,,,,,,,
,,,,,,,,,,,,,,,,,,,,,,,,,,
,,,,,,,,,,,,,,,,,,,,,,,,,,
,,,,,,,,,,,,,,,,,,,,,,,,,,
,,,,,,,,,,,,,,,,,,,,,,,,,,
,,,,,,,,,,,,,,,,,,,,,,,,,,
,,,,,,,,,,,,,,,,,,,,,,,,,,
,,,,,,,,,,,,,,,,,,,,,,,,,,
,,,,,,,,,,,,,,,,,,,,,,,,,,
,,,,,,,,,,,,,,,,,,,,,,,,,,
,,,,,,,,,,,,,,,,,,,,,,,,,,
,,,,,,,,,,,,,,,,,,,,,,,,,,
,,,,,,,,,,,,,,,,,,,,,,,,,,
,,,,,,,,,,,,,,,,,,,,,,,,,,
,,,,,,,,,,,,,,,,,,,,,,,,,,
,,,,,,,,,,,,,,,,,,,,,,,,,,
,,,,,,,,,,,,,,,,,,,,,,,,,,
,,,,,,,,,,,,,,,,,,,,,,,,,,
,,,,,,,,,,,,,,,,,,,,,,,,,,
,,,,,,,,,,,,,,,,,,,,,,,,,,
,,,,,,,,,,,,,,,,,,,,,,,,,,
,,,,,,,,,,,,,,,,,,,,,,,,,,
,,,,,,,,,,,,,,,,,,,,,,,,,,
,,,,,,,,,,,,,,,,,,,,,,,,,,
,,,,,,,,,,,,,,,,,,,,,,,,,,
,,,,,,,,,,,,,,,,,,,,,,,,,,
,,,,,,,,,,,,,,,,,,,,,,,,,,
,,,,,,,,,,,,,,,,,,,,,,,,,,
,,,,,,,,,,,,,,,,,,,,,,,,,,
,,,,,,,,,,,,,,,,,,,,,,,,,,
,,,,,,,,,,,,,,,,,,,,,,,,,,
,,,,,,,,,,,,,,,,,,,,,,,,,,
,,,,,,,,,,,,,,,,,,,,,,,,,,
,,,,,,,,,,,,,,,,,,,,,,,,,,
,,,,,,,,,,,,,,,,,,,,,,,,,,
,,,,,,,,,,,,,,,,,,,,,,,,,,
,,,,,,,,,,,,,,,,,,,,,,,,,,
,,,,,,,,,,,,,,,,,,,,,,,,,,
,,,,,,,,,,,,,,,,,,,,,,,,,,
,,,,,,,,,,,,,,,,,,,,,,,,,,
,,,,,,,,,,,,,,,,,,,,,,,,,,
,,,,,,,,,,,,,,,,,,,,,,,,,,
,,,,,,,,,,,,,,,,,,,,,,,,,,
,,,,,,,,,,,,,,,,,,,,,,,,,,
,,,,,,,,,,,,,,,,,,,,,,,,,,
,,,,,,,,,,,,,,,,,,,,,,,,,,
,,,,,,,,,,,,,,,,,,,,,,,,,,
,,,,,,,,,,,,,,,,,,,,,,,,,,
,,,,,,,,,,,,,,,,,,,,,,,,,,
,,,,,,,,,,,,,,,,,,,,,,,,,,
,,,,,,,,,,,,,,,,,,,,,,,,,,
,,,,,,,,,,,,,,,,,,,,,,,,,,
,,,,,,,,,,,,,,,,,,,,,,,,,,
,,,,,,,,,,,,,,,,,,,,,,,,,,
,,,,,,,,,,,,,,,,,,,,,,,,,,
,,,,,,,,,,,,,,,,,,,,,,,,,,
,,,,,,,,,,,,,,,,,,,,,,,,,,
,,,,,,,,,,,,,,,,,,,,,,,,,,
,,,,,,,,,,,,,,,,,,,,,,,,,,
,,,,,,,,,,,,,,,,,,,,,,,,,,
,,,,,,,,,,,,,,,,,,,,,,,,,,
,,,,,,,,,,,,,,,,,,,,,,,,,,
,,,,,,,,,,,,,,,,,,,,,,,,,,
,,,,,,,,,,,,,,,,,,,,,,,,,,
,,,,,,,,,,,,,,,,,,,,,,,,,,
,,,,,,,,,,,,,,,,,,,,,,,,,,
,,,,,,,,,,,,,,,,,,,,,,,,,,
,,,,,,,,,,,,,,,,,,,,,,,,,,
,,,,,,,,,,,,,,,,,,,,,,,,,,
,,,,,,,,,,,,,,,,,,,,,,,,,,
,,,,,,,,,,,,,,,,,,,,,,,,,,
,,,,,,,,,,,,,,,,,,,,,,,,,,
,,,,,,,,,,,,,,,,,,,,,,,,,,
,,,,,,,,,,,,,,,,,,,,,,,,,,
,,,,,,,,,,,,,,,,,,,,,,,,,,
,,,,,,,,,,,,,,,,,,,,,,,,,,
,,,,,,,,,,,,,,,,,,,,,,,,,,
,,,,,,,,,,,,,,,,,,,,,,,,,,
,,,,,,,,,,,,,,,,,,,,,,,,,,
,,,,,,,,,,,,,,,,,,,,,,,,,,
,,,,,,,,,,,,,,,,,,,,,,,,,,
,,,,,,,,,,,,,,,,,,,,,,,,,,
,,,,,,,,,,,,,,,,,,,,,,,,,,
,,,,,,,,,,,,,,,,,,,,,,,,,,
,,,,,,,,,,,,,,,,,,,,,,,,,,
,,,,,,,,,,,,,,,,,,,,,,,,,,
,,,,,,,,,,,,,,,,,,,,,,,,,,
,,,,,,,,,,,,,,,,,,,,,,,,,,
,,,,,,,,,,,,,,,,,,,,,,,,,,
,,,,,,,,,,,,,,,,,,,,,,,,,,
,,,,,,,,,,,,,,,,,,,,,,,,,,
,,,,,,,,,,,,,,,,,,,,,,,,,,
,,,,,,,,,,,,,,,,,,,,,,,,,,
,,,,,,,,,,,,,,,,,,,,,,,,,,
,,,,,,,,,,,,,,,,,,,,,,,,,,
,,,,,,,,,,,,,,,,,,,,,,,,,,
,,,,,,,,,,,,,,,,,,,,,,,,,,
,,,,,,,,,,,,,,,,,,,,,,,,,,
,,,,,,,,,,,,,,,,,,,,,,,,,,
,,,,,,,,,,,,,,,,,,,,,,,,,,
,,,,,,,,,,,,,,,,,,,,,,,,,,
,,,,,,,,,,,,,,,,,,,,,,,,,,
,,,,,,,,,,,,,,,,,,,,,,,,,,
,,,,,,,,,,,,,,,,,,,,,,,,,,
,,,,,,,,,,,,,,,,,,,,,,,,,,
,,,,,,,,,,,,,,,,,,,,,,,,,,
,,,,,,,,,,,,,,,,,,,,,,,,,,
,,,,,,,,,,,,,,,,,,,,,,,,,,
,,,,,,,,,,,,,,,,,,,,,,,,,,
,,,,,,,,,,,,,,,,,,,,,,,,,,
,,,,,,,,,,,,,,,,,,,,,,,,,,
,,,,,,,,,,,,,,,,,,,,,,,,,,
,,,,,,,,,,,,,,,,,,,,,,,,,,
,,,,,,,,,,,,,,,,,,,,,,,,,,
,,,,,,,,,,,,,,,,,,,,,,,,,,
,,,,,,,,,,,,,,,,,,,,,,,,,,
,,,,,,,,,,,,,,,,,,,,,,,,,,
,,,,,,,,,,,,,,,,,,,,,,,,,,
,,,,,,,,,,,,,,,,,,,,,,,,,,
,,,,,,,,,,,,,,,,,,,,,,,,,,
,,,,,,,,,,,,,,,,,,,,,,,,,,
,,,,,,,,,,,,,,,,,,,,,,,,,,
,,,,,,,,,,,,,,,,,,,,,,,,,,
,,,,,,,,,,,,,,,,,,,,,,,,,,
,,,,,,,,,,,,,,,,,,,,,,,,,,
,,,,,,,,,,,,,,,,,,,,,,,,,,
,,,,,,,,,,,,,,,,,,,,,,,,,,
,,,,,,,,,,,,,,,,,,,,,,,,,,
,,,,,,,,,,,,,,,,,,,,,,,,,,
,,,,,,,,,,,,,,,,,,,,,,,,,,
,,,,,,,,,,,,,,,,,,,,,,,,,,
,,,,,,,,,,,,,,,,,,,,,,,,,,
,,,,,,,,,,,,,,,,,,,,,,,,,,
,,,,,,,,,,,,,,,,,,,,,,,,,,
,,,,,,,,,,,,,,,,,,,,,,,,,,
,,,,,,,,,,,,,,,,,,,,,,,,,,
,,,,,,,,,,,,,,,,,,,,,,,,,,
,,,,,,,,,,,,,,,,,,,,,,,,,,
,,,,,,,,,,,,,,,,,,,,,,,,,,
,,,,,,,,,,,,,,,,,,,,,,,,,,
,,,,,,,,,,,,,,,,,,,,,,,,,,
,,,,,,,,,,,,,,,,,,,,,,,,,,
,,,,,,,,,,,,,,,,,,,,,,,,,,
,,,,,,,,,,,,,,,,,,,,,,,,,,
,,,,,,,,,,,,,,,,,,,,,,,,,,
,,,,,,,,,,,,,,,,,,,,,,,,,,
,,,,,,,,,,,,,,,,,,,,,,,,,,
,,,,,,,,,,,,,,,,,,,,,,,,,,
,,,,,,,,,,,,,,,,,,,,,,,,,,
,,,,,,,,,,,,,,,,,,,,,,,,,,
,,,,,,,,,,,,,,,,,,,,,,,,,,
,,,,,,,,,,,,,,,,,,,,,,,,,,
,,,,,,,,,,,,,,,,,,,,,,,,,,
,,,,,,,,,,,,,,,,,,,,,,,,,,
,,,,,,,,,,,,,,,,,,,,,,,,,,
,,,,,,,,,,,,,,,,,,,,,,,,,,
,,,,,,,,,,,,,,,,,,,,,,,,,,
,,,,,,,,,,,,,,,,,,,,,,,,,,
,,,,,,,,,,,,,,,,,,,,,,,,,,
,,,,,,,,,,,,,,,,,,,,,,,,,,
,,,,,,,,,,,,,,,,,,,,,,,,,,
,,,,,,,,,,,,,,,,,,,,,,,,,,
,,,,,,,,,,,,,,,,,,,,,,,,,,
,,,,,,,,,,,,,,,,,,,,,,,,,,
,,,,,,,,,,,,,,,,,,,,,,,,,,
,,,,,,,,,,,,,,,,,,,,,,,,,,
,,,,,,,,,,,,,,,,,,,,,,,,,,
,,,,,,,,,,,,,,,,,,,,,,,,,,
,,,,,,,,,,,,,,,,,,,,,,,,,,
,,,,,,,,,,,,,,,,,,,,,,,,,,
,,,,,,,,,,,,,,,,,,,,,,,,,,
,,,,,,,,,,,,,,,,,,,,,,,,,,
,,,,,,,,,,,,,,,,,,,,,,,,,,
,,,,,,,,,,,,,,,,,,,,,,,,,,
,,,,,,,,,,,,,,,,,,,,,,,,,,
,,,,,,,,,,,,,,,,,,,,,,,,,,
,,,,,,,,,,,,,,,,,,,,,,,,,,
,,,,,,,,,,,,,,,,,,,,,,,,,,
,,,,,,,,,,,,,,,,,,,,,,,,,,
,,,,,,,,,,,,,,,,,,,,,,,,,,
,,,,,,,,,,,,,,,,,,,,,,,,,,
,,,,,,,,,,,,,,,,,,,,,,,,,,
,,,,,,,,,,,,,,,,,,,,,,,,,,
,,,,,,,,,,,,,,,,,,,,,,,,,,
,,,,,,,,,,,,,,,,,,,,,,,,,,
,,,,,,,,,,,,,,,,,,,,,,,,,,
,,,,,,,,,,,,,,,,,,,,,,,,,,
,,,,,,,,,,,,,,,,,,,,,,,,,,
,,,,,,,,,,,,,,,,,,,,,,,,,,
,,,,,,,,,,,,,,,,,,,,,,,,,,
,,,,,,,,,,,,,,,,,,,,,,,,,,
,,,,,,,,,,,,,,,,,,,,,,,,,,
,,,,,,,,,,,,,,,,,,,,,,,,,,
,,,,,,,,,,,,,,,,,,,,,,,,,,
,,,,,,,,,,,,,,,,,,,,,,,,,,
,,,,,,,,,,,,,,,,,,,,,,,,,,
,,,,,,,,,,,,,,,,,,,,,,,,,,
,,,,,,,,,,,,,,,,,,,,,,,,,,
,,,,,,,,,,,,,,,,,,,,,,,,,,
,,,,,,,,,,,,,,,,,,,,,,,,,,
,,,,,,,,,,,,,,,,,,,,,,,,,,
,,,,,,,,,,,,,,,,,,,,,,,,,,
,,,,,,,,,,,,,,,,,,,,,,,,,,
,,,,,,,,,,,,,,,,,,,,,,,,,,
,,,,,,,,,,,,,,,,,,,,,,,,,,
,,,,,,,,,,,,,,,,,,,,,,,,,,
,,,,,,,,,,,,,,,,,,,,,,,,,,
,,,,,,,,,,,,,,,,,,,,,,,,,,
,,,,,,,,,,,,,,,,,,,,,,,,,,
,,,,,,,,,,,,,,,,,,,,,,,,,,
,,,,,,,,,,,,,,,,,,,,,,,,,,
,,,,,,,,,,,,,,,,,,,,,,,,,,
,,,,,,,,,,,,,,,,,,,,,,,,,,
,,,,,,,,,,,,,,,,,,,,,,,,,,
,,,,,,,,,,,,,,,,,,,,,,,,,,
,,,,,,,,,,,,,,,,,,,,,,,,,,
,,,,,,,,,,,,,,,,,,,,,,,,,,
,,,,,,,,,,,,,,,,,,,,,,,,,,
,,,,,,,,,,,,,,,,,,,,,,,,,,
,,,,,,,,,,,,,,,,,,,,,,,,,,
,,,,,,,,,,,,,,,,,,,,,,,,,,
,,,,,,,,,,,,,,,,,,,,,,,,,,
,,,,,,,,,,,,,,,,,,,,,,,,,,
,,,,,,,,,,,,,,,,,,,,,,,,,,
,,,,,,,,,,,,,,,,,,,,,,,,,,
,,,,,,,,,,,,,,,,,,,,,,,,,,
,,,,,,,,,,,,,,,,,,,,,,,,,,
,,,,,,,,,,,,,,,,,,,,,,,,,,
,,,,,,,,,,,,,,,,,,,,,,,,,,
,,,,,,,,,,,,,,,,,,,,,,,,,,
,,,,,,,,,,,,,,,,,,,,,,,,,,
,,,,,,,,,,,,,,,,,,,,,,,,,,
,,,,,,,,,,,,,,,,,,,,,,,,,,
,,,,,,,,,,,,,,,,,,,,,,,,,,
,,,,,,,,,,,,,,,,,,,,,,,,,,
,,,,,,,,,,,,,,,,,,,,,,,,,,
,,,,,,,,,,,,,,,,,,,,,,,,,,
,,,,,,,,,,,,,,,,,,,,,,,,,,
,,,,,,,,,,,,,,,,,,,,,,,,,,
,,,,,,,,,,,,,,,,,,,,,,,,,,
,,,,,,,,,,,,,,,,,,,,,,,,,,
,,,,,,,,,,,,,,,,,,,,,,,,,,
,,,,,,,,,,,,,,,,,,,,,,,,,,
,,,,,,,,,,,,,,,,,,,,,,,,,,
,,,,,,,,,,,,,,,,,,,,,,,,,,
,,,,,,,,,,,,,,,,,,,,,,,,,,
,,,,,,,,,,,,,,,,,,,,,,,,,,
,,,,,,,,,,,,,,,,,,,,,,,,,,
,,,,,,,,,,,,,,,,,,,,,,,,,,
,,,,,,,,,,,,,,,,,,,,,,,,,,
,,,,,,,,,,,,,,,,,,,,,,,,,,
,,,,,,,,,,,,,,,,,,,,,,,,,,
,,,,,,,,,,,,,,,,,,,,,,,,,,
,,,,,,,,,,,,,,,,,,,,,,,,,,
,,,,,,,,,,,,,,,,,,,,,,,,,,
,,,,,,,,,,,,,,,,,,,,,,,,,,
,,,,,,,,,,,,,,,,,,,,,,,,,,
,,,,,,,,,,,,,,,,,,,,,,,,,,
,,,,,,,,,,,,,,,,,,,,,,,,,,
,,,,,,,,,,,,,,,,,,,,,,,,,,
,,,,,,,,,,,,,,,,,,,,,,,,,,
,,,,,,,,,,,,,,,,,,,,,,,,,,
,,,,,,,,,,,,,,,,,,,,,,,,,,
,,,,,,,,,,,,,,,,,,,,,,,,,,
,,,,,,,,,,,,,,,,,,,,,,,,,,
,,,,,,,,,,,,,,,,,,,,,,,,,,
,,,,,,,,,,,,,,,,,,,,,,,,,,
,,,,,,,,,,,,,,,,,,,,,,,,,,
,,,,,,,,,,,,,,,,,,,,,,,,,,
,,,,,,,,,,,,,,,,,,,,,,,,,,
,,,,,,,,,,,,,,,,,,,,,,,,,,
,,,,,,,,,,,,,,,,,,,,,,,,,,
,,,,,,,,,,,,,,,,,,,,,,,,,,
,,,,,,,,,,,,,,,,,,,,,,,,,,
,,,,,,,,,,,,,,,,,,,,,,,,,,
,,,,,,,,,,,,,,,,,,,,,,,,,,
,,,,,,,,,,,,,,,,,,,,,,,,,,
,,,,,,,,,,,,,,,,,,,,,,,,,,
,,,,,,,,,,,,,,,,,,,,,,,,,,
,,,,,,,,,,,,,,,,,,,,,,,,,,
,,,,,,,,,,,,,,,,,,,,,,,,,,
,,,,,,,,,,,,,,,,,,,,,,,,,,
,,,,,,,,,,,,,,,,,,,,,,,,,,
,,,,,,,,,,,,,,,,,,,,,,,,,,
,,,,,,,,,,,,,,,,,,,,,,,,,,
,,,,,,,,,,,,,,,,,,,,,,,,,,
,,,,,,,,,,,,,,,,,,,,,,,,,,
,,,,,,,,,,,,,,,,,,,,,,,,,,
,,,,,,,,,,,,,,,,,,,,,,,,,,
,,,,,,,,,,,,,,,,,,,,,,,,,,
,,,,,,,,,,,,,,,,,,,,,,,,,,
,,,,,,,,,,,,,,,,,,,,,,,,,,
,,,,,,,,,,,,,,,,,,,,,,,,,,
,,,,,,,,,,,,,,,,,,,,,,,,,,
,,,,,,,,,,,,,,,,,,,,,,,,,,
,,,,,,,,,,,,,,,,,,,,,,,,,,
,,,,,,,,,,,,,,,,,,,,,,,,,,
,,,,,,,,,,,,,,,,,,,,,,,,,,
,,,,,,,,,,,,,,,,,,,,,,,,,,
,,,,,,,,,,,,,,,,,,,,,,,,,,
,,,,,,,,,,,,,,,,,,,,,,,,,,
,,,,,,,,,,,,,,,,,,,,,,,,,,
,,,,,,,,,,,,,,,,,,,,,,,,,,
,,,,,,,,,,,,,,,,,,,,,,,,,,
,,,,,,,,,,,,,,,,,,,,,,,,,,
,,,,,,,,,,,,,,,,,,,,,,,,,,
,,,,,,,,,,,,,,,,,,,,,,,,,,
,,,,,,,,,,,,,,,,,,,,,,,,,,
,,,,,,,,,,,,,,,,,,,,,,,,,,
,,,,,,,,,,,,,,,,,,,,,,,,,,
,,,,,,,,,,,,,,,,,,,,,,,,,,
,,,,,,,,,,,,,,,,,,,,,,,,,,
,,,,,,,,,,,,,,,,,,,,,,,,,,
,,,,,,,,,,,,,,,,,,,,,,,,,,
,,,,,,,,,,,,,,,,,,,,,,,,,,
,,,,,,,,,,,,,,,,,,,,,,,,,,
,,,,,,,,,,,,,,,,,,,,,,,,,,
,,,,,,,,,,,,,,,,,,,,,,,,,,
,,,,,,,,,,,,,,,,,,,,,,,,,,
,,,,,,,,,,,,,,,,,,,,,,,,,,
,,,,,,,,,,,,,,,,,,,,,,,,,,
,,,,,,,,,,,,,,,,,,,,,,,,,,
,,,,,,,,,,,,,,,,,,,,,,,,,,
,,,,,,,,,,,,,,,,,,,,,,,,,,
,,,,,,,,,,,,,,,,,,,,,,,,,,
,,,,,,,,,,,,,,,,,,,,,,,,,,
,,,,,,,,,,,,,,,,,,,,,,,,,,
,,,,,,,,,,,,,,,,,,,,,,,,,,
,,,,,,,,,,,,,,,,,,,,,,,,,,
,,,,,,,,,,,,,,,,,,,,,,,,,,
,,,,,,,,,,,,,,,,,,,,,,,,,,
,,,,,,,,,,,,,,,,,,,,,,,,,,
,,,,,,,,,,,,,,,,,,,,,,,,,,
,,,,,,,,,,,,,,,,,,,,,,,,,,
,,,,,,,,,,,,,,,,,,,,,,,,,,
,,,,,,,,,,,,,,,,,,,,,,,,,,
,,,,,,,,,,,,,,,,,,,,,,,,,,
,,,,,,,,,,,,,,,,,,,,,,,,,,
,,,,,,,,,,,,,,,,,,,,,,,,,,
,,,,,,,,,,,,,,,,,,,,,,,,,,
,,,,,,,,,,,,,,,,,,,,,,,,,,
,,,,,,,,,,,,,,,,,,,,,,,,,,
,,,,,,,,,,,,,,,,,,,,,,,,,,
,,,,,,,,,,,,,,,,,,,,,,,,,,
,,,,,,,,,,,,,,,,,,,,,,,,,,
,,,,,,,,,,,,,,,,,,,,,,,,,,
